{"projectName":"","VERSION":"3.1.0","stageCenter":"","previousTouchLocation":{"x":892,"y":348,"lock":false},"previousRotation":0,"mouseDown":false,"mouseSelectedBounds":{"handleSize":8,"resizeHandlePosRB":false,"resizeHandlePosRM":false,"resizeHandlePosBM":false,"boundsSpacing":0,"left":9990,"top":9987.5,"right":-9990,"bottom":-9987.5,"width":-19980,"height":-19975},"shapes":[{"TAG":"seat/1616656750291/0","isLocked":false,"selectedSeatList":[],"isSelected":false,"seatNumTextSize":8,"seatNumTextTopSpacing":3,"seatRadius":10,"seatSpacing":3,"rowSpacing":5,"selectionBounds":{"handleSize":8,"resizeHandlePosRB":false,"resizeHandlePosRM":true,"resizeHandlePosBM":false,"boundsSpacing":0,"left":394,"top":147,"right":805,"bottom":311.84424161466194,"width":411,"height":164.84424161466194},"centerPoint":{"x":599.5,"y":159.5,"lock":false},"makeData":{"rows":[[{"x":404,"y":159.5,"prefix":"A","number":1},{"x":407.9357744382115,"y":190.6961368424079,"prefix":"A","number":2},{"x":420.08988870705474,"y":219.67798099307538,"prefix":"A","number":3},{"x":439.5157681853846,"y":244.40462063562433,"prefix":"A","number":4},{"x":464.1033284629693,"y":264.05115217603156,"prefix":"A","number":5},{"x":491.9067930590053,"y":278.8443940841202,"prefix":"A","number":6},{"x":521.6105727838254,"y":289.34773239071967,"prefix":"A","number":7},{"x":552.3978596294135,"y":296.06749215051167,"prefix":"A","number":8},{"x":583.7419920479897,"y":299.3442416146619,"prefix":"A","number":9},{"x":615.2580079520101,"y":299.34424161466194,"prefix":"A","number":10},{"x":646.6021403705864,"y":296.0674921505116,"prefix":"A","number":11},{"x":677.3894272161743,"y":289.3477323907197,"prefix":"A","number":12},{"x":707.0932069409946,"y":278.8443940841203,"prefix":"A","number":13},{"x":734.8966715370306,"y":264.0511521760317,"prefix":"A","number":14},{"x":759.4842318146154,"y":244.40462063562433,"prefix":"A","number":15},{"x":778.9101112929452,"y":219.67798099307538,"prefix":"A","number":16},{"x":791.0642255617884,"y":190.6961368424079,"prefix":"A","number":17},{"x":795,"y":159.5,"prefix":"A","number":18}]],"seatsCount":18},"rowsCount":1,"rotationRadians":0,"dumbSeatsList":[],"reverseNumbering":false,"startSeatNumber":1,"resizeWidth":0,"categoryTag":"","curveConfig":{"enabled":true,"narrowness":0,"longness":-187,"startXY":{"x":404,"y":159.5,"lock":false},"p1":{"x":404,"y":346.5,"lock":false},"p2":{"x":795,"y":346.5,"lock":false},"endXY":{"x":795,"y":159.5,"lock":false}},"cacheCanvas":{},"cacheCtx":{},"selectionRelativePos":{"left":0,"top":0,"right":0,"bottom":0}},{"TAG":"seat/1616656763598/0","isLocked":false,"selectedSeatList":[],"isSelected":true,"seatNumTextSize":8,"seatNumTextTopSpacing":3,"seatRadius":10,"seatSpacing":3,"rowSpacing":5,"selectionBounds":{"handleSize":8,"resizeHandlePosRB":false,"resizeHandlePosRM":true,"resizeHandlePosBM":false,"boundsSpacing":0,"left":9990,"top":9987.5,"right":-9990,"bottom":-9987.5,"width":-19980,"height":-19975},"centerPoint":{"x":0,"y":0,"lock":false},"makeData":{"rows":[],"seatsCount":1},"rowsCount":0,"rotationRadians":0,"dumbSeatsList":[],"reverseNumbering":false,"startSeatNumber":1,"resizeWidth":0,"categoryTag":"","curveConfig":{"enabled":false,"narrowness":0,"longness":0,"startXY":{"x":0,"y":0,"lock":false},"p1":{"x":0,"y":0,"lock":false},"p2":{"x":0,"y":0,"lock":false},"endXY":{"x":0,"y":0,"lock":false}},"cacheCanvas":{},"cacheCtx":{},"selectionRelativePos":{"left":0,"top":0,"right":0,"bottom":0}}],"selectedTool":{"bounds":{"handleSize":8,"resizeHandlePosRB":false,"resizeHandlePosRM":false,"resizeHandlePosBM":false,"boundsSpacing":0,"left":892,"top":348,"right":466,"bottom":92,"width":0,"height":0},"type":"CREATION","subType":"ROW_CREATION"},"selectedShapesList":[{"TAG":"seat/1616656763598/0","isLocked":false,"selectedSeatList":[],"isSelected":true,"seatNumTextSize":8,"seatNumTextTopSpacing":3,"seatRadius":10,"seatSpacing":3,"rowSpacing":5,"selectionBounds":{"handleSize":8,"resizeHandlePosRB":false,"resizeHandlePosRM":true,"resizeHandlePosBM":false,"boundsSpacing":0,"left":9990,"top":9987.5,"right":-9990,"bottom":-9987.5,"width":-19980,"height":-19975},"centerPoint":{"x":0,"y":0,"lock":false},"makeData":{"rows":[],"seatsCount":1},"rowsCount":0,"rotationRadians":0,"dumbSeatsList":[],"reverseNumbering":false,"startSeatNumber":1,"resizeWidth":0,"categoryTag":"","curveConfig":{"enabled":false,"narrowness":0,"longness":0,"startXY":{"x":0,"y":0,"lock":false},"p1":{"x":0,"y":0,"lock":false},"p2":{"x":0,"y":0,"lock":false},"endXY":{"x":0,"y":0,"lock":false}},"cacheCanvas":{},"cacheCtx":{},"selectionRelativePos":{"left":0,"top":0,"right":0,"bottom":0}}],"selectionSet":{},"catTagSet":{},"log":{},"canvas":{"__zoom":{"k":1,"x":0,"y":0},"__on":[{"type":"wheel","name":"zoom","capture":false},{"type":"mousedown","name":"zoom","capture":false},{"type":"dblclick","name":"zoom","capture":false}]},"width":1920,"height":1001,"canvasWidth":1920,"canvasHeight":1001,"canvasContext":{},"d3Canvas":{"_groups":[[{"__zoom":{"k":1,"x":0,"y":0},"__on":[{"type":"wheel","name":"zoom","capture":false},{"type":"mousedown","name":"zoom","capture":false},{"type":"dblclick","name":"zoom","capture":false}]}]],"_parents":[null]},"stylePaddingLeft":0,"stylePaddingTop":0,"styleBorderLeft":0,"styleBorderTop":0,"htmlTop":0,"htmlLeft":0,"layoutType":{},"shapesMovedUnits":{"x":0,"y":0}}