{"projectName":"","VERSION":"3.1.0","stageCenter":"","previousTouchLocation":{"x":102,"y":227,"lock":false},"previousRotation":0,"mouseDown":false,"mouseSelectedBounds":{"handleSize":8,"resizeHandlePosRB":false,"resizeHandlePosRM":false,"resizeHandlePosBM":false,"boundsSpacing":0,"left":10000,"top":10000,"right":-10000,"bottom":-10000,"width":-20000,"height":-20000},"shapes":[{"TAG":"seat/1616580356510/0","isLocked":false,"selectedSeatList":[46,45,44,43,42,41,40,39,38,37,36,35,34,33,32,31,30,29,28,27,26,25,24,23,22,21,20,19,18,17,16,15,14,13,12,11,10,9,8,7,6,5,4,3,2,1,0],"isSelected":false,"seatNumTextSize":8,"seatNumTextTopSpacing":3,"seatRadius":10,"seatSpacing":3,"rowSpacing":5,"selectionBounds":{"handleSize":8,"resizeHandlePosRB":false,"resizeHandlePosRM":true,"resizeHandlePosBM":false,"boundsSpacing":0,"left":136,"top":81,"right":1214,"bottom":106,"width":1078,"height":25},"centerPoint":{"x":675,"y":93.5,"lock":false},"makeData":{"rows":[[{"x":146,"y":93.5,"prefix":"A","number":1},{"x":169,"y":93.5,"prefix":"A","number":2},{"x":192,"y":93.5,"prefix":"A","number":3},{"x":215,"y":93.5,"prefix":"A","number":4},{"x":238,"y":93.5,"prefix":"A","number":5},{"x":261,"y":93.5,"prefix":"A","number":6},{"x":284,"y":93.5,"prefix":"A","number":7},{"x":307,"y":93.5,"prefix":"A","number":8},{"x":330,"y":93.5,"prefix":"A","number":9},{"x":353,"y":93.5,"prefix":"A","number":10},{"x":376,"y":93.5,"prefix":"A","number":11},{"x":399,"y":93.5,"prefix":"A","number":12},{"x":422,"y":93.5,"prefix":"A","number":13},{"x":445,"y":93.5,"prefix":"A","number":14},{"x":468,"y":93.5,"prefix":"A","number":15},{"x":491,"y":93.5,"prefix":"A","number":16},{"x":514,"y":93.5,"prefix":"A","number":17},{"x":537,"y":93.5,"prefix":"A","number":18},{"x":560,"y":93.5,"prefix":"A","number":19},{"x":583,"y":93.5,"prefix":"A","number":20},{"x":606,"y":93.5,"prefix":"A","number":21},{"x":629,"y":93.5,"prefix":"A","number":22},{"x":652,"y":93.5,"prefix":"A","number":23},{"x":675,"y":93.5,"prefix":"A","number":24},{"x":698,"y":93.5,"prefix":"A","number":25},{"x":721,"y":93.5,"prefix":"A","number":26},{"x":744,"y":93.5,"prefix":"A","number":27},{"x":767,"y":93.5,"prefix":"A","number":28},{"x":790,"y":93.5,"prefix":"A","number":29},{"x":813,"y":93.5,"prefix":"A","number":30},{"x":836,"y":93.5,"prefix":"A","number":31},{"x":859,"y":93.5,"prefix":"A","number":32},{"x":882,"y":93.5,"prefix":"A","number":33},{"x":905,"y":93.5,"prefix":"A","number":34},{"x":928,"y":93.5,"prefix":"A","number":35},{"x":951,"y":93.5,"prefix":"A","number":36},{"x":974,"y":93.5,"prefix":"A","number":37},{"x":997,"y":93.5,"prefix":"A","number":38},{"x":1020,"y":93.5,"prefix":"A","number":39},{"x":1043,"y":93.5,"prefix":"A","number":40},{"x":1066,"y":93.5,"prefix":"A","number":41},{"x":1089,"y":93.5,"prefix":"A","number":42},{"x":1112,"y":93.5,"prefix":"A","number":43},{"x":1135,"y":93.5,"prefix":"A","number":44},{"x":1158,"y":93.5,"prefix":"A","number":45},{"x":1181,"y":93.5,"prefix":"A","number":46},{"x":1204,"y":93.5,"prefix":"A","number":47}]],"seatsCount":47},"rowsCount":1,"rotationRadians":0,"dumbSeatsList":[],"reverseNumbering":false,"startSeatNumber":1,"resizeWidth":0,"categoryTag":"","curveConfig":{"enabled":false,"narrowness":0,"longness":0,"startXY":{"x":0,"y":0,"lock":false},"p1":{"x":0,"y":0,"lock":false},"p2":{"x":0,"y":0,"lock":false},"endXY":{"x":0,"y":0,"lock":false}},"cacheCanvas":{},"cacheCtx":{},"selectionRelativePos":{"left":1,"top":0,"right":0,"bottom":-625}},{"TAG":"seat/1616580363805/1","isLocked":false,"selectedSeatList":[46,45,44,43,42,41,40,39,38,37,36,35,34,33,32,31,30,29,28,27,26,25,24,23,22,21,20,19,18,17,16,15,14,13,12,11,10,9,8,7,6,5,4,3,2,1,0],"isSelected":false,"seatNumTextSize":8,"seatNumTextTopSpacing":3,"seatRadius":10,"seatSpacing":3,"rowSpacing":5,"selectionBounds":{"handleSize":8,"resizeHandlePosRB":false,"resizeHandlePosRM":true,"resizeHandlePosBM":false,"boundsSpacing":0,"left":136,"top":106,"right":1214,"bottom":131,"width":1078,"height":25},"centerPoint":{"x":675,"y":118.5,"lock":false},"makeData":{"rows":[[{"x":146,"y":118.5,"prefix":"B","number":1},{"x":169,"y":118.5,"prefix":"B","number":2},{"x":192,"y":118.5,"prefix":"B","number":3},{"x":215,"y":118.5,"prefix":"B","number":4},{"x":238,"y":118.5,"prefix":"B","number":5},{"x":261,"y":118.5,"prefix":"B","number":6},{"x":284,"y":118.5,"prefix":"B","number":7},{"x":307,"y":118.5,"prefix":"B","number":8},{"x":330,"y":118.5,"prefix":"B","number":9},{"x":353,"y":118.5,"prefix":"B","number":10},{"x":376,"y":118.5,"prefix":"B","number":11},{"x":399,"y":118.5,"prefix":"B","number":12},{"x":422,"y":118.5,"prefix":"B","number":13},{"x":445,"y":118.5,"prefix":"B","number":14},{"x":468,"y":118.5,"prefix":"B","number":15},{"x":491,"y":118.5,"prefix":"B","number":16},{"x":514,"y":118.5,"prefix":"B","number":17},{"x":537,"y":118.5,"prefix":"B","number":18},{"x":560,"y":118.5,"prefix":"B","number":19},{"x":583,"y":118.5,"prefix":"B","number":20},{"x":606,"y":118.5,"prefix":"B","number":21},{"x":629,"y":118.5,"prefix":"B","number":22},{"x":652,"y":118.5,"prefix":"B","number":23},{"x":675,"y":118.5,"prefix":"B","number":24},{"x":698,"y":118.5,"prefix":"B","number":25},{"x":721,"y":118.5,"prefix":"B","number":26},{"x":744,"y":118.5,"prefix":"B","number":27},{"x":767,"y":118.5,"prefix":"B","number":28},{"x":790,"y":118.5,"prefix":"B","number":29},{"x":813,"y":118.5,"prefix":"B","number":30},{"x":836,"y":118.5,"prefix":"B","number":31},{"x":859,"y":118.5,"prefix":"B","number":32},{"x":882,"y":118.5,"prefix":"B","number":33},{"x":905,"y":118.5,"prefix":"B","number":34},{"x":928,"y":118.5,"prefix":"B","number":35},{"x":951,"y":118.5,"prefix":"B","number":36},{"x":974,"y":118.5,"prefix":"B","number":37},{"x":997,"y":118.5,"prefix":"B","number":38},{"x":1020,"y":118.5,"prefix":"B","number":39},{"x":1043,"y":118.5,"prefix":"B","number":40},{"x":1066,"y":118.5,"prefix":"B","number":41},{"x":1089,"y":118.5,"prefix":"B","number":42},{"x":1112,"y":118.5,"prefix":"B","number":43},{"x":1135,"y":118.5,"prefix":"B","number":44},{"x":1158,"y":118.5,"prefix":"B","number":45},{"x":1181,"y":118.5,"prefix":"B","number":46},{"x":1204,"y":118.5,"prefix":"B","number":47}]],"seatsCount":47},"rowsCount":1,"rotationRadians":0,"dumbSeatsList":[],"reverseNumbering":false,"startSeatNumber":1,"resizeWidth":0,"categoryTag":"","curveConfig":{"enabled":false,"narrowness":0,"longness":0,"startXY":{"x":0,"y":0,"lock":false},"p1":{"x":0,"y":0,"lock":false},"p2":{"x":0,"y":0,"lock":false},"endXY":{"x":0,"y":0,"lock":false}},"cacheCanvas":{},"cacheCtx":{},"selectionRelativePos":{"left":1,"top":25,"right":0,"bottom":-600}},{"TAG":"seat/1616580363812/2","isLocked":false,"selectedSeatList":[46,45,44,43,42,41,40,39,38,37,36,35,34,33,32,31,30,29,28,27,26,25,24,23,22,21,20,19,18,17,16,15,14,13,12,11,10,9,8,7,6,5,4,3,2,1,0],"isSelected":false,"seatNumTextSize":8,"seatNumTextTopSpacing":3,"seatRadius":10,"seatSpacing":3,"rowSpacing":5,"selectionBounds":{"handleSize":8,"resizeHandlePosRB":false,"resizeHandlePosRM":true,"resizeHandlePosBM":false,"boundsSpacing":0,"left":136,"top":131,"right":1214,"bottom":156,"width":1078,"height":25},"centerPoint":{"x":675,"y":143.5,"lock":false},"makeData":{"rows":[[{"x":146,"y":143.5,"prefix":"C","number":1},{"x":169,"y":143.5,"prefix":"C","number":2},{"x":192,"y":143.5,"prefix":"C","number":3},{"x":215,"y":143.5,"prefix":"C","number":4},{"x":238,"y":143.5,"prefix":"C","number":5},{"x":261,"y":143.5,"prefix":"C","number":6},{"x":284,"y":143.5,"prefix":"C","number":7},{"x":307,"y":143.5,"prefix":"C","number":8},{"x":330,"y":143.5,"prefix":"C","number":9},{"x":353,"y":143.5,"prefix":"C","number":10},{"x":376,"y":143.5,"prefix":"C","number":11},{"x":399,"y":143.5,"prefix":"C","number":12},{"x":422,"y":143.5,"prefix":"C","number":13},{"x":445,"y":143.5,"prefix":"C","number":14},{"x":468,"y":143.5,"prefix":"C","number":15},{"x":491,"y":143.5,"prefix":"C","number":16},{"x":514,"y":143.5,"prefix":"C","number":17},{"x":537,"y":143.5,"prefix":"C","number":18},{"x":560,"y":143.5,"prefix":"C","number":19},{"x":583,"y":143.5,"prefix":"C","number":20},{"x":606,"y":143.5,"prefix":"C","number":21},{"x":629,"y":143.5,"prefix":"C","number":22},{"x":652,"y":143.5,"prefix":"C","number":23},{"x":675,"y":143.5,"prefix":"C","number":24},{"x":698,"y":143.5,"prefix":"C","number":25},{"x":721,"y":143.5,"prefix":"C","number":26},{"x":744,"y":143.5,"prefix":"C","number":27},{"x":767,"y":143.5,"prefix":"C","number":28},{"x":790,"y":143.5,"prefix":"C","number":29},{"x":813,"y":143.5,"prefix":"C","number":30},{"x":836,"y":143.5,"prefix":"C","number":31},{"x":859,"y":143.5,"prefix":"C","number":32},{"x":882,"y":143.5,"prefix":"C","number":33},{"x":905,"y":143.5,"prefix":"C","number":34},{"x":928,"y":143.5,"prefix":"C","number":35},{"x":951,"y":143.5,"prefix":"C","number":36},{"x":974,"y":143.5,"prefix":"C","number":37},{"x":997,"y":143.5,"prefix":"C","number":38},{"x":1020,"y":143.5,"prefix":"C","number":39},{"x":1043,"y":143.5,"prefix":"C","number":40},{"x":1066,"y":143.5,"prefix":"C","number":41},{"x":1089,"y":143.5,"prefix":"C","number":42},{"x":1112,"y":143.5,"prefix":"C","number":43},{"x":1135,"y":143.5,"prefix":"C","number":44},{"x":1158,"y":143.5,"prefix":"C","number":45},{"x":1181,"y":143.5,"prefix":"C","number":46},{"x":1204,"y":143.5,"prefix":"C","number":47}]],"seatsCount":47},"rowsCount":1,"rotationRadians":0,"dumbSeatsList":[],"reverseNumbering":false,"startSeatNumber":1,"resizeWidth":0,"categoryTag":"","curveConfig":{"enabled":false,"narrowness":0,"longness":0,"startXY":{"x":0,"y":0,"lock":false},"p1":{"x":0,"y":0,"lock":false},"p2":{"x":0,"y":0,"lock":false},"endXY":{"x":0,"y":0,"lock":false}},"cacheCanvas":{},"cacheCtx":{},"selectionRelativePos":{"left":1,"top":50,"right":0,"bottom":-575}},{"TAG":"seat/1616580363818/3","isLocked":false,"selectedSeatList":[46,45,44,43,42,41,40,39,38,37,36,35,34,33,32,31,30,29,28,27,26,25,24,23,22,21,20,19,18,17,16,15,14,13,12,11,10,9,8,7,6,5,4,3,2,1,0],"isSelected":false,"seatNumTextSize":8,"seatNumTextTopSpacing":3,"seatRadius":10,"seatSpacing":3,"rowSpacing":5,"selectionBounds":{"handleSize":8,"resizeHandlePosRB":false,"resizeHandlePosRM":true,"resizeHandlePosBM":false,"boundsSpacing":0,"left":136,"top":156,"right":1214,"bottom":181,"width":1078,"height":25},"centerPoint":{"x":675,"y":168.5,"lock":false},"makeData":{"rows":[[{"x":146,"y":168.5,"prefix":"D","number":1},{"x":169,"y":168.5,"prefix":"D","number":2},{"x":192,"y":168.5,"prefix":"D","number":3},{"x":215,"y":168.5,"prefix":"D","number":4},{"x":238,"y":168.5,"prefix":"D","number":5},{"x":261,"y":168.5,"prefix":"D","number":6},{"x":284,"y":168.5,"prefix":"D","number":7},{"x":307,"y":168.5,"prefix":"D","number":8},{"x":330,"y":168.5,"prefix":"D","number":9},{"x":353,"y":168.5,"prefix":"D","number":10},{"x":376,"y":168.5,"prefix":"D","number":11},{"x":399,"y":168.5,"prefix":"D","number":12},{"x":422,"y":168.5,"prefix":"D","number":13},{"x":445,"y":168.5,"prefix":"D","number":14},{"x":468,"y":168.5,"prefix":"D","number":15},{"x":491,"y":168.5,"prefix":"D","number":16},{"x":514,"y":168.5,"prefix":"D","number":17},{"x":537,"y":168.5,"prefix":"D","number":18},{"x":560,"y":168.5,"prefix":"D","number":19},{"x":583,"y":168.5,"prefix":"D","number":20},{"x":606,"y":168.5,"prefix":"D","number":21},{"x":629,"y":168.5,"prefix":"D","number":22},{"x":652,"y":168.5,"prefix":"D","number":23},{"x":675,"y":168.5,"prefix":"D","number":24},{"x":698,"y":168.5,"prefix":"D","number":25},{"x":721,"y":168.5,"prefix":"D","number":26},{"x":744,"y":168.5,"prefix":"D","number":27},{"x":767,"y":168.5,"prefix":"D","number":28},{"x":790,"y":168.5,"prefix":"D","number":29},{"x":813,"y":168.5,"prefix":"D","number":30},{"x":836,"y":168.5,"prefix":"D","number":31},{"x":859,"y":168.5,"prefix":"D","number":32},{"x":882,"y":168.5,"prefix":"D","number":33},{"x":905,"y":168.5,"prefix":"D","number":34},{"x":928,"y":168.5,"prefix":"D","number":35},{"x":951,"y":168.5,"prefix":"D","number":36},{"x":974,"y":168.5,"prefix":"D","number":37},{"x":997,"y":168.5,"prefix":"D","number":38},{"x":1020,"y":168.5,"prefix":"D","number":39},{"x":1043,"y":168.5,"prefix":"D","number":40},{"x":1066,"y":168.5,"prefix":"D","number":41},{"x":1089,"y":168.5,"prefix":"D","number":42},{"x":1112,"y":168.5,"prefix":"D","number":43},{"x":1135,"y":168.5,"prefix":"D","number":44},{"x":1158,"y":168.5,"prefix":"D","number":45},{"x":1181,"y":168.5,"prefix":"D","number":46},{"x":1204,"y":168.5,"prefix":"D","number":47}]],"seatsCount":47},"rowsCount":1,"rotationRadians":0,"dumbSeatsList":[],"reverseNumbering":false,"startSeatNumber":1,"resizeWidth":0,"categoryTag":"","curveConfig":{"enabled":false,"narrowness":0,"longness":0,"startXY":{"x":0,"y":0,"lock":false},"p1":{"x":0,"y":0,"lock":false},"p2":{"x":0,"y":0,"lock":false},"endXY":{"x":0,"y":0,"lock":false}},"cacheCanvas":{},"cacheCtx":{},"selectionRelativePos":{"left":1,"top":75,"right":0,"bottom":-550}},{"TAG":"seat/1616580363826/4","isLocked":false,"selectedSeatList":[46,45,44,43,42,41,40,39,38,37,36,35,34,33,32,31,30,29,28,27,26,25,24,23,22,21,20,19,18,17,16,15,14,13,12,11,10,9,8,7,6,5,4,3,2,1,0],"isSelected":false,"seatNumTextSize":8,"seatNumTextTopSpacing":3,"seatRadius":10,"seatSpacing":3,"rowSpacing":5,"selectionBounds":{"handleSize":8,"resizeHandlePosRB":false,"resizeHandlePosRM":true,"resizeHandlePosBM":false,"boundsSpacing":0,"left":136,"top":181,"right":1214,"bottom":206,"width":1078,"height":25},"centerPoint":{"x":675,"y":193.5,"lock":false},"makeData":{"rows":[[{"x":146,"y":193.5,"prefix":"E","number":1},{"x":169,"y":193.5,"prefix":"E","number":2},{"x":192,"y":193.5,"prefix":"E","number":3},{"x":215,"y":193.5,"prefix":"E","number":4},{"x":238,"y":193.5,"prefix":"E","number":5},{"x":261,"y":193.5,"prefix":"E","number":6},{"x":284,"y":193.5,"prefix":"E","number":7},{"x":307,"y":193.5,"prefix":"E","number":8},{"x":330,"y":193.5,"prefix":"E","number":9},{"x":353,"y":193.5,"prefix":"E","number":10},{"x":376,"y":193.5,"prefix":"E","number":11},{"x":399,"y":193.5,"prefix":"E","number":12},{"x":422,"y":193.5,"prefix":"E","number":13},{"x":445,"y":193.5,"prefix":"E","number":14},{"x":468,"y":193.5,"prefix":"E","number":15},{"x":491,"y":193.5,"prefix":"E","number":16},{"x":514,"y":193.5,"prefix":"E","number":17},{"x":537,"y":193.5,"prefix":"E","number":18},{"x":560,"y":193.5,"prefix":"E","number":19},{"x":583,"y":193.5,"prefix":"E","number":20},{"x":606,"y":193.5,"prefix":"E","number":21},{"x":629,"y":193.5,"prefix":"E","number":22},{"x":652,"y":193.5,"prefix":"E","number":23},{"x":675,"y":193.5,"prefix":"E","number":24},{"x":698,"y":193.5,"prefix":"E","number":25},{"x":721,"y":193.5,"prefix":"E","number":26},{"x":744,"y":193.5,"prefix":"E","number":27},{"x":767,"y":193.5,"prefix":"E","number":28},{"x":790,"y":193.5,"prefix":"E","number":29},{"x":813,"y":193.5,"prefix":"E","number":30},{"x":836,"y":193.5,"prefix":"E","number":31},{"x":859,"y":193.5,"prefix":"E","number":32},{"x":882,"y":193.5,"prefix":"E","number":33},{"x":905,"y":193.5,"prefix":"E","number":34},{"x":928,"y":193.5,"prefix":"E","number":35},{"x":951,"y":193.5,"prefix":"E","number":36},{"x":974,"y":193.5,"prefix":"E","number":37},{"x":997,"y":193.5,"prefix":"E","number":38},{"x":1020,"y":193.5,"prefix":"E","number":39},{"x":1043,"y":193.5,"prefix":"E","number":40},{"x":1066,"y":193.5,"prefix":"E","number":41},{"x":1089,"y":193.5,"prefix":"E","number":42},{"x":1112,"y":193.5,"prefix":"E","number":43},{"x":1135,"y":193.5,"prefix":"E","number":44},{"x":1158,"y":193.5,"prefix":"E","number":45},{"x":1181,"y":193.5,"prefix":"E","number":46},{"x":1204,"y":193.5,"prefix":"E","number":47}]],"seatsCount":47},"rowsCount":1,"rotationRadians":0,"dumbSeatsList":[],"reverseNumbering":false,"startSeatNumber":1,"resizeWidth":0,"categoryTag":"","curveConfig":{"enabled":false,"narrowness":0,"longness":0,"startXY":{"x":0,"y":0,"lock":false},"p1":{"x":0,"y":0,"lock":false},"p2":{"x":0,"y":0,"lock":false},"endXY":{"x":0,"y":0,"lock":false}},"cacheCanvas":{},"cacheCtx":{},"selectionRelativePos":{"left":1,"top":100,"right":0,"bottom":-525}},{"TAG":"seat/1616580363831/5","isLocked":false,"selectedSeatList":[46,45,44,43,42,41,40,39,38,37,36,35,34,33,32,31,30,29,28,27,26,25,24,23,22,21,20,19,18,17,16,15,14,13,12,11,10,9,8,7,6,5,4,3,2,1,0],"isSelected":false,"seatNumTextSize":8,"seatNumTextTopSpacing":3,"seatRadius":10,"seatSpacing":3,"rowSpacing":5,"selectionBounds":{"handleSize":8,"resizeHandlePosRB":false,"resizeHandlePosRM":true,"resizeHandlePosBM":false,"boundsSpacing":0,"left":135,"top":206,"right":1213,"bottom":231,"width":1078,"height":25},"centerPoint":{"x":674,"y":218.5,"lock":false},"makeData":{"rows":[[{"x":145,"y":218.5,"prefix":"F","number":1},{"x":168,"y":218.5,"prefix":"F","number":2},{"x":191,"y":218.5,"prefix":"F","number":3},{"x":214,"y":218.5,"prefix":"F","number":4},{"x":237,"y":218.5,"prefix":"F","number":5},{"x":260,"y":218.5,"prefix":"F","number":6},{"x":283,"y":218.5,"prefix":"F","number":7},{"x":306,"y":218.5,"prefix":"F","number":8},{"x":329,"y":218.5,"prefix":"F","number":9},{"x":352,"y":218.5,"prefix":"F","number":10},{"x":375,"y":218.5,"prefix":"F","number":11},{"x":398,"y":218.5,"prefix":"F","number":12},{"x":421,"y":218.5,"prefix":"F","number":13},{"x":444,"y":218.5,"prefix":"F","number":14},{"x":467,"y":218.5,"prefix":"F","number":15},{"x":490,"y":218.5,"prefix":"F","number":16},{"x":513,"y":218.5,"prefix":"F","number":17},{"x":536,"y":218.5,"prefix":"F","number":18},{"x":559,"y":218.5,"prefix":"F","number":19},{"x":582,"y":218.5,"prefix":"F","number":20},{"x":605,"y":218.5,"prefix":"F","number":21},{"x":628,"y":218.5,"prefix":"F","number":22},{"x":651,"y":218.5,"prefix":"F","number":23},{"x":674,"y":218.5,"prefix":"F","number":24},{"x":697,"y":218.5,"prefix":"F","number":25},{"x":720,"y":218.5,"prefix":"F","number":26},{"x":743,"y":218.5,"prefix":"F","number":27},{"x":766,"y":218.5,"prefix":"F","number":28},{"x":789,"y":218.5,"prefix":"F","number":29},{"x":812,"y":218.5,"prefix":"F","number":30},{"x":835,"y":218.5,"prefix":"F","number":31},{"x":858,"y":218.5,"prefix":"F","number":32},{"x":881,"y":218.5,"prefix":"F","number":33},{"x":904,"y":218.5,"prefix":"F","number":34},{"x":927,"y":218.5,"prefix":"F","number":35},{"x":950,"y":218.5,"prefix":"F","number":36},{"x":973,"y":218.5,"prefix":"F","number":37},{"x":996,"y":218.5,"prefix":"F","number":38},{"x":1019,"y":218.5,"prefix":"F","number":39},{"x":1042,"y":218.5,"prefix":"F","number":40},{"x":1065,"y":218.5,"prefix":"F","number":41},{"x":1088,"y":218.5,"prefix":"F","number":42},{"x":1111,"y":218.5,"prefix":"F","number":43},{"x":1134,"y":218.5,"prefix":"F","number":44},{"x":1157,"y":218.5,"prefix":"F","number":45},{"x":1180,"y":218.5,"prefix":"F","number":46},{"x":1203,"y":218.5,"prefix":"F","number":47}]],"seatsCount":47},"rowsCount":1,"rotationRadians":0,"dumbSeatsList":[],"reverseNumbering":false,"startSeatNumber":1,"resizeWidth":0,"categoryTag":"","curveConfig":{"enabled":false,"narrowness":0,"longness":0,"startXY":{"x":0,"y":0,"lock":false},"p1":{"x":0,"y":0,"lock":false},"p2":{"x":0,"y":0,"lock":false},"endXY":{"x":0,"y":0,"lock":false}},"cacheCanvas":{},"cacheCtx":{},"selectionRelativePos":{"left":0,"top":125,"right":-1,"bottom":-500}},{"TAG":"seat/1616580363840/6","isLocked":false,"selectedSeatList":[46,45,44,43,42,41,40,39,38,37,36,35,34,33,32,31,30,29,28,27,26,25,24,23,22,21,20,19,18,17,16,15,14,13,12,11,10,9,8,7,6,5,4,3,2,1,0],"isSelected":false,"seatNumTextSize":8,"seatNumTextTopSpacing":3,"seatRadius":10,"seatSpacing":3,"rowSpacing":5,"selectionBounds":{"handleSize":8,"resizeHandlePosRB":false,"resizeHandlePosRM":true,"resizeHandlePosBM":false,"boundsSpacing":0,"left":136,"top":231,"right":1214,"bottom":256,"width":1078,"height":25},"centerPoint":{"x":675,"y":243.5,"lock":false},"makeData":{"rows":[[{"x":146,"y":243.5,"prefix":"G","number":1},{"x":169,"y":243.5,"prefix":"G","number":2},{"x":192,"y":243.5,"prefix":"G","number":3},{"x":215,"y":243.5,"prefix":"G","number":4},{"x":238,"y":243.5,"prefix":"G","number":5},{"x":261,"y":243.5,"prefix":"G","number":6},{"x":284,"y":243.5,"prefix":"G","number":7},{"x":307,"y":243.5,"prefix":"G","number":8},{"x":330,"y":243.5,"prefix":"G","number":9},{"x":353,"y":243.5,"prefix":"G","number":10},{"x":376,"y":243.5,"prefix":"G","number":11},{"x":399,"y":243.5,"prefix":"G","number":12},{"x":422,"y":243.5,"prefix":"G","number":13},{"x":445,"y":243.5,"prefix":"G","number":14},{"x":468,"y":243.5,"prefix":"G","number":15},{"x":491,"y":243.5,"prefix":"G","number":16},{"x":514,"y":243.5,"prefix":"G","number":17},{"x":537,"y":243.5,"prefix":"G","number":18},{"x":560,"y":243.5,"prefix":"G","number":19},{"x":583,"y":243.5,"prefix":"G","number":20},{"x":606,"y":243.5,"prefix":"G","number":21},{"x":629,"y":243.5,"prefix":"G","number":22},{"x":652,"y":243.5,"prefix":"G","number":23},{"x":675,"y":243.5,"prefix":"G","number":24},{"x":698,"y":243.5,"prefix":"G","number":25},{"x":721,"y":243.5,"prefix":"G","number":26},{"x":744,"y":243.5,"prefix":"G","number":27},{"x":767,"y":243.5,"prefix":"G","number":28},{"x":790,"y":243.5,"prefix":"G","number":29},{"x":813,"y":243.5,"prefix":"G","number":30},{"x":836,"y":243.5,"prefix":"G","number":31},{"x":859,"y":243.5,"prefix":"G","number":32},{"x":882,"y":243.5,"prefix":"G","number":33},{"x":905,"y":243.5,"prefix":"G","number":34},{"x":928,"y":243.5,"prefix":"G","number":35},{"x":951,"y":243.5,"prefix":"G","number":36},{"x":974,"y":243.5,"prefix":"G","number":37},{"x":997,"y":243.5,"prefix":"G","number":38},{"x":1020,"y":243.5,"prefix":"G","number":39},{"x":1043,"y":243.5,"prefix":"G","number":40},{"x":1066,"y":243.5,"prefix":"G","number":41},{"x":1089,"y":243.5,"prefix":"G","number":42},{"x":1112,"y":243.5,"prefix":"G","number":43},{"x":1135,"y":243.5,"prefix":"G","number":44},{"x":1158,"y":243.5,"prefix":"G","number":45},{"x":1181,"y":243.5,"prefix":"G","number":46},{"x":1204,"y":243.5,"prefix":"G","number":47}]],"seatsCount":47},"rowsCount":1,"rotationRadians":0,"dumbSeatsList":[],"reverseNumbering":false,"startSeatNumber":1,"resizeWidth":0,"categoryTag":"","curveConfig":{"enabled":false,"narrowness":0,"longness":0,"startXY":{"x":0,"y":0,"lock":false},"p1":{"x":0,"y":0,"lock":false},"p2":{"x":0,"y":0,"lock":false},"endXY":{"x":0,"y":0,"lock":false}},"cacheCanvas":{},"cacheCtx":{},"selectionRelativePos":{"left":1,"top":150,"right":0,"bottom":-475}},{"TAG":"seat/1616580363846/7","isLocked":false,"selectedSeatList":[46,45,44,43,42,41,40,39,38,37,36,35,34,33,32,31,30,29,28,27,26,25,24,23,22,21,20,19,18,17,16,15,14,13,12,11,10,9,8,7,6,5,4,3,2,1,0],"isSelected":false,"seatNumTextSize":8,"seatNumTextTopSpacing":3,"seatRadius":10,"seatSpacing":3,"rowSpacing":5,"selectionBounds":{"handleSize":8,"resizeHandlePosRB":false,"resizeHandlePosRM":true,"resizeHandlePosBM":false,"boundsSpacing":0,"left":136,"top":256,"right":1214,"bottom":281,"width":1078,"height":25},"centerPoint":{"x":675,"y":268.5,"lock":false},"makeData":{"rows":[[{"x":146,"y":268.5,"prefix":"H","number":1},{"x":169,"y":268.5,"prefix":"H","number":2},{"x":192,"y":268.5,"prefix":"H","number":3},{"x":215,"y":268.5,"prefix":"H","number":4},{"x":238,"y":268.5,"prefix":"H","number":5},{"x":261,"y":268.5,"prefix":"H","number":6},{"x":284,"y":268.5,"prefix":"H","number":7},{"x":307,"y":268.5,"prefix":"H","number":8},{"x":330,"y":268.5,"prefix":"H","number":9},{"x":353,"y":268.5,"prefix":"H","number":10},{"x":376,"y":268.5,"prefix":"H","number":11},{"x":399,"y":268.5,"prefix":"H","number":12},{"x":422,"y":268.5,"prefix":"H","number":13},{"x":445,"y":268.5,"prefix":"H","number":14},{"x":468,"y":268.5,"prefix":"H","number":15},{"x":491,"y":268.5,"prefix":"H","number":16},{"x":514,"y":268.5,"prefix":"H","number":17},{"x":537,"y":268.5,"prefix":"H","number":18},{"x":560,"y":268.5,"prefix":"H","number":19},{"x":583,"y":268.5,"prefix":"H","number":20},{"x":606,"y":268.5,"prefix":"H","number":21},{"x":629,"y":268.5,"prefix":"H","number":22},{"x":652,"y":268.5,"prefix":"H","number":23},{"x":675,"y":268.5,"prefix":"H","number":24},{"x":698,"y":268.5,"prefix":"H","number":25},{"x":721,"y":268.5,"prefix":"H","number":26},{"x":744,"y":268.5,"prefix":"H","number":27},{"x":767,"y":268.5,"prefix":"H","number":28},{"x":790,"y":268.5,"prefix":"H","number":29},{"x":813,"y":268.5,"prefix":"H","number":30},{"x":836,"y":268.5,"prefix":"H","number":31},{"x":859,"y":268.5,"prefix":"H","number":32},{"x":882,"y":268.5,"prefix":"H","number":33},{"x":905,"y":268.5,"prefix":"H","number":34},{"x":928,"y":268.5,"prefix":"H","number":35},{"x":951,"y":268.5,"prefix":"H","number":36},{"x":974,"y":268.5,"prefix":"H","number":37},{"x":997,"y":268.5,"prefix":"H","number":38},{"x":1020,"y":268.5,"prefix":"H","number":39},{"x":1043,"y":268.5,"prefix":"H","number":40},{"x":1066,"y":268.5,"prefix":"H","number":41},{"x":1089,"y":268.5,"prefix":"H","number":42},{"x":1112,"y":268.5,"prefix":"H","number":43},{"x":1135,"y":268.5,"prefix":"H","number":44},{"x":1158,"y":268.5,"prefix":"H","number":45},{"x":1181,"y":268.5,"prefix":"H","number":46},{"x":1204,"y":268.5,"prefix":"H","number":47}]],"seatsCount":47},"rowsCount":1,"rotationRadians":0,"dumbSeatsList":[],"reverseNumbering":false,"startSeatNumber":1,"resizeWidth":0,"categoryTag":"","curveConfig":{"enabled":false,"narrowness":0,"longness":0,"startXY":{"x":0,"y":0,"lock":false},"p1":{"x":0,"y":0,"lock":false},"p2":{"x":0,"y":0,"lock":false},"endXY":{"x":0,"y":0,"lock":false}},"cacheCanvas":{},"cacheCtx":{},"selectionRelativePos":{"left":1,"top":175,"right":0,"bottom":-450}},{"TAG":"seat/1616580363851/8","isLocked":false,"selectedSeatList":[46,45,44,43,42,41,40,39,38,37,36,35,34,33,32,31,30,29,28,27,26,25,24,23,22,21,20,19,18,17,16,15,14,13,12,11,10,9,8,7,6,5,4,3,2,1,0],"isSelected":false,"seatNumTextSize":8,"seatNumTextTopSpacing":3,"seatRadius":10,"seatSpacing":3,"rowSpacing":5,"selectionBounds":{"handleSize":8,"resizeHandlePosRB":false,"resizeHandlePosRM":true,"resizeHandlePosBM":false,"boundsSpacing":0,"left":136,"top":281,"right":1214,"bottom":306,"width":1078,"height":25},"centerPoint":{"x":675,"y":293.5,"lock":false},"makeData":{"rows":[[{"x":146,"y":293.5,"prefix":"I","number":1},{"x":169,"y":293.5,"prefix":"I","number":2},{"x":192,"y":293.5,"prefix":"I","number":3},{"x":215,"y":293.5,"prefix":"I","number":4},{"x":238,"y":293.5,"prefix":"I","number":5},{"x":261,"y":293.5,"prefix":"I","number":6},{"x":284,"y":293.5,"prefix":"I","number":7},{"x":307,"y":293.5,"prefix":"I","number":8},{"x":330,"y":293.5,"prefix":"I","number":9},{"x":353,"y":293.5,"prefix":"I","number":10},{"x":376,"y":293.5,"prefix":"I","number":11},{"x":399,"y":293.5,"prefix":"I","number":12},{"x":422,"y":293.5,"prefix":"I","number":13},{"x":445,"y":293.5,"prefix":"I","number":14},{"x":468,"y":293.5,"prefix":"I","number":15},{"x":491,"y":293.5,"prefix":"I","number":16},{"x":514,"y":293.5,"prefix":"I","number":17},{"x":537,"y":293.5,"prefix":"I","number":18},{"x":560,"y":293.5,"prefix":"I","number":19},{"x":583,"y":293.5,"prefix":"I","number":20},{"x":606,"y":293.5,"prefix":"I","number":21},{"x":629,"y":293.5,"prefix":"I","number":22},{"x":652,"y":293.5,"prefix":"I","number":23},{"x":675,"y":293.5,"prefix":"I","number":24},{"x":698,"y":293.5,"prefix":"I","number":25},{"x":721,"y":293.5,"prefix":"I","number":26},{"x":744,"y":293.5,"prefix":"I","number":27},{"x":767,"y":293.5,"prefix":"I","number":28},{"x":790,"y":293.5,"prefix":"I","number":29},{"x":813,"y":293.5,"prefix":"I","number":30},{"x":836,"y":293.5,"prefix":"I","number":31},{"x":859,"y":293.5,"prefix":"I","number":32},{"x":882,"y":293.5,"prefix":"I","number":33},{"x":905,"y":293.5,"prefix":"I","number":34},{"x":928,"y":293.5,"prefix":"I","number":35},{"x":951,"y":293.5,"prefix":"I","number":36},{"x":974,"y":293.5,"prefix":"I","number":37},{"x":997,"y":293.5,"prefix":"I","number":38},{"x":1020,"y":293.5,"prefix":"I","number":39},{"x":1043,"y":293.5,"prefix":"I","number":40},{"x":1066,"y":293.5,"prefix":"I","number":41},{"x":1089,"y":293.5,"prefix":"I","number":42},{"x":1112,"y":293.5,"prefix":"I","number":43},{"x":1135,"y":293.5,"prefix":"I","number":44},{"x":1158,"y":293.5,"prefix":"I","number":45},{"x":1181,"y":293.5,"prefix":"I","number":46},{"x":1204,"y":293.5,"prefix":"I","number":47}]],"seatsCount":47},"rowsCount":1,"rotationRadians":0,"dumbSeatsList":[],"reverseNumbering":false,"startSeatNumber":1,"resizeWidth":0,"categoryTag":"","curveConfig":{"enabled":false,"narrowness":0,"longness":0,"startXY":{"x":0,"y":0,"lock":false},"p1":{"x":0,"y":0,"lock":false},"p2":{"x":0,"y":0,"lock":false},"endXY":{"x":0,"y":0,"lock":false}},"cacheCanvas":{},"cacheCtx":{},"selectionRelativePos":{"left":1,"top":200,"right":0,"bottom":-425}},{"TAG":"seat/1616580363858/9","isLocked":false,"selectedSeatList":[46,45,44,43,42,41,40,39,38,37,36,35,34,33,32,31,30,29,28,27,26,25,24,23,22,21,20,19,18,17,16,15,14,13,12,11,10,9,8,7,6,5,4,3,2,1,0],"isSelected":false,"seatNumTextSize":8,"seatNumTextTopSpacing":3,"seatRadius":10,"seatSpacing":3,"rowSpacing":5,"selectionBounds":{"handleSize":8,"resizeHandlePosRB":false,"resizeHandlePosRM":true,"resizeHandlePosBM":false,"boundsSpacing":0,"left":136,"top":306,"right":1214,"bottom":331,"width":1078,"height":25},"centerPoint":{"x":675,"y":318.5,"lock":false},"makeData":{"rows":[[{"x":146,"y":318.5,"prefix":"J","number":1},{"x":169,"y":318.5,"prefix":"J","number":2},{"x":192,"y":318.5,"prefix":"J","number":3},{"x":215,"y":318.5,"prefix":"J","number":4},{"x":238,"y":318.5,"prefix":"J","number":5},{"x":261,"y":318.5,"prefix":"J","number":6},{"x":284,"y":318.5,"prefix":"J","number":7},{"x":307,"y":318.5,"prefix":"J","number":8},{"x":330,"y":318.5,"prefix":"J","number":9},{"x":353,"y":318.5,"prefix":"J","number":10},{"x":376,"y":318.5,"prefix":"J","number":11},{"x":399,"y":318.5,"prefix":"J","number":12},{"x":422,"y":318.5,"prefix":"J","number":13},{"x":445,"y":318.5,"prefix":"J","number":14},{"x":468,"y":318.5,"prefix":"J","number":15},{"x":491,"y":318.5,"prefix":"J","number":16},{"x":514,"y":318.5,"prefix":"J","number":17},{"x":537,"y":318.5,"prefix":"J","number":18},{"x":560,"y":318.5,"prefix":"J","number":19},{"x":583,"y":318.5,"prefix":"J","number":20},{"x":606,"y":318.5,"prefix":"J","number":21},{"x":629,"y":318.5,"prefix":"J","number":22},{"x":652,"y":318.5,"prefix":"J","number":23},{"x":675,"y":318.5,"prefix":"J","number":24},{"x":698,"y":318.5,"prefix":"J","number":25},{"x":721,"y":318.5,"prefix":"J","number":26},{"x":744,"y":318.5,"prefix":"J","number":27},{"x":767,"y":318.5,"prefix":"J","number":28},{"x":790,"y":318.5,"prefix":"J","number":29},{"x":813,"y":318.5,"prefix":"J","number":30},{"x":836,"y":318.5,"prefix":"J","number":31},{"x":859,"y":318.5,"prefix":"J","number":32},{"x":882,"y":318.5,"prefix":"J","number":33},{"x":905,"y":318.5,"prefix":"J","number":34},{"x":928,"y":318.5,"prefix":"J","number":35},{"x":951,"y":318.5,"prefix":"J","number":36},{"x":974,"y":318.5,"prefix":"J","number":37},{"x":997,"y":318.5,"prefix":"J","number":38},{"x":1020,"y":318.5,"prefix":"J","number":39},{"x":1043,"y":318.5,"prefix":"J","number":40},{"x":1066,"y":318.5,"prefix":"J","number":41},{"x":1089,"y":318.5,"prefix":"J","number":42},{"x":1112,"y":318.5,"prefix":"J","number":43},{"x":1135,"y":318.5,"prefix":"J","number":44},{"x":1158,"y":318.5,"prefix":"J","number":45},{"x":1181,"y":318.5,"prefix":"J","number":46},{"x":1204,"y":318.5,"prefix":"J","number":47}]],"seatsCount":47},"rowsCount":1,"rotationRadians":0,"dumbSeatsList":[],"reverseNumbering":false,"startSeatNumber":1,"resizeWidth":0,"categoryTag":"","curveConfig":{"enabled":false,"narrowness":0,"longness":0,"startXY":{"x":0,"y":0,"lock":false},"p1":{"x":0,"y":0,"lock":false},"p2":{"x":0,"y":0,"lock":false},"endXY":{"x":0,"y":0,"lock":false}},"cacheCanvas":{},"cacheCtx":{},"selectionRelativePos":{"left":1,"top":225,"right":0,"bottom":-400}},{"TAG":"seat/1616580363863/10","isLocked":false,"selectedSeatList":[46,45,44,43,42,41,40,39,38,37,36,35,34,33,32,31,30,29,28,27,26,25,24,23,22,21,20,19,18,17,16,15,14,13,12,11,10,9,8,7,6,5,4,3,2,1,0],"isSelected":false,"seatNumTextSize":8,"seatNumTextTopSpacing":3,"seatRadius":10,"seatSpacing":3,"rowSpacing":5,"selectionBounds":{"handleSize":8,"resizeHandlePosRB":false,"resizeHandlePosRM":true,"resizeHandlePosBM":false,"boundsSpacing":0,"left":136,"top":331,"right":1214,"bottom":356,"width":1078,"height":25},"centerPoint":{"x":675,"y":343.5,"lock":false},"makeData":{"rows":[[{"x":146,"y":343.5,"prefix":"K","number":1},{"x":169,"y":343.5,"prefix":"K","number":2},{"x":192,"y":343.5,"prefix":"K","number":3},{"x":215,"y":343.5,"prefix":"K","number":4},{"x":238,"y":343.5,"prefix":"K","number":5},{"x":261,"y":343.5,"prefix":"K","number":6},{"x":284,"y":343.5,"prefix":"K","number":7},{"x":307,"y":343.5,"prefix":"K","number":8},{"x":330,"y":343.5,"prefix":"K","number":9},{"x":353,"y":343.5,"prefix":"K","number":10},{"x":376,"y":343.5,"prefix":"K","number":11},{"x":399,"y":343.5,"prefix":"K","number":12},{"x":422,"y":343.5,"prefix":"K","number":13},{"x":445,"y":343.5,"prefix":"K","number":14},{"x":468,"y":343.5,"prefix":"K","number":15},{"x":491,"y":343.5,"prefix":"K","number":16},{"x":514,"y":343.5,"prefix":"K","number":17},{"x":537,"y":343.5,"prefix":"K","number":18},{"x":560,"y":343.5,"prefix":"K","number":19},{"x":583,"y":343.5,"prefix":"K","number":20},{"x":606,"y":343.5,"prefix":"K","number":21},{"x":629,"y":343.5,"prefix":"K","number":22},{"x":652,"y":343.5,"prefix":"K","number":23},{"x":675,"y":343.5,"prefix":"K","number":24},{"x":698,"y":343.5,"prefix":"K","number":25},{"x":721,"y":343.5,"prefix":"K","number":26},{"x":744,"y":343.5,"prefix":"K","number":27},{"x":767,"y":343.5,"prefix":"K","number":28},{"x":790,"y":343.5,"prefix":"K","number":29},{"x":813,"y":343.5,"prefix":"K","number":30},{"x":836,"y":343.5,"prefix":"K","number":31},{"x":859,"y":343.5,"prefix":"K","number":32},{"x":882,"y":343.5,"prefix":"K","number":33},{"x":905,"y":343.5,"prefix":"K","number":34},{"x":928,"y":343.5,"prefix":"K","number":35},{"x":951,"y":343.5,"prefix":"K","number":36},{"x":974,"y":343.5,"prefix":"K","number":37},{"x":997,"y":343.5,"prefix":"K","number":38},{"x":1020,"y":343.5,"prefix":"K","number":39},{"x":1043,"y":343.5,"prefix":"K","number":40},{"x":1066,"y":343.5,"prefix":"K","number":41},{"x":1089,"y":343.5,"prefix":"K","number":42},{"x":1112,"y":343.5,"prefix":"K","number":43},{"x":1135,"y":343.5,"prefix":"K","number":44},{"x":1158,"y":343.5,"prefix":"K","number":45},{"x":1181,"y":343.5,"prefix":"K","number":46},{"x":1204,"y":343.5,"prefix":"K","number":47}]],"seatsCount":47},"rowsCount":1,"rotationRadians":0,"dumbSeatsList":[],"reverseNumbering":false,"startSeatNumber":1,"resizeWidth":0,"categoryTag":"","curveConfig":{"enabled":false,"narrowness":0,"longness":0,"startXY":{"x":0,"y":0,"lock":false},"p1":{"x":0,"y":0,"lock":false},"p2":{"x":0,"y":0,"lock":false},"endXY":{"x":0,"y":0,"lock":false}},"cacheCanvas":{},"cacheCtx":{},"selectionRelativePos":{"left":1,"top":250,"right":0,"bottom":-375}},{"TAG":"seat/1616580363869/11","isLocked":false,"selectedSeatList":[46,45,44,43,42,41,40,39,38,37,36,35,34,33,32,31,30,29,28,27,26,25,24,23,22,21,20,19,18,17,16,15,14,13,12,11,10,9,8,7,6,5,4,3,2,1,0],"isSelected":false,"seatNumTextSize":8,"seatNumTextTopSpacing":3,"seatRadius":10,"seatSpacing":3,"rowSpacing":5,"selectionBounds":{"handleSize":8,"resizeHandlePosRB":false,"resizeHandlePosRM":true,"resizeHandlePosBM":false,"boundsSpacing":0,"left":136,"top":356,"right":1214,"bottom":381,"width":1078,"height":25},"centerPoint":{"x":675,"y":368.5,"lock":false},"makeData":{"rows":[[{"x":146,"y":368.5,"prefix":"L","number":1},{"x":169,"y":368.5,"prefix":"L","number":2},{"x":192,"y":368.5,"prefix":"L","number":3},{"x":215,"y":368.5,"prefix":"L","number":4},{"x":238,"y":368.5,"prefix":"L","number":5},{"x":261,"y":368.5,"prefix":"L","number":6},{"x":284,"y":368.5,"prefix":"L","number":7},{"x":307,"y":368.5,"prefix":"L","number":8},{"x":330,"y":368.5,"prefix":"L","number":9},{"x":353,"y":368.5,"prefix":"L","number":10},{"x":376,"y":368.5,"prefix":"L","number":11},{"x":399,"y":368.5,"prefix":"L","number":12},{"x":422,"y":368.5,"prefix":"L","number":13},{"x":445,"y":368.5,"prefix":"L","number":14},{"x":468,"y":368.5,"prefix":"L","number":15},{"x":491,"y":368.5,"prefix":"L","number":16},{"x":514,"y":368.5,"prefix":"L","number":17},{"x":537,"y":368.5,"prefix":"L","number":18},{"x":560,"y":368.5,"prefix":"L","number":19},{"x":583,"y":368.5,"prefix":"L","number":20},{"x":606,"y":368.5,"prefix":"L","number":21},{"x":629,"y":368.5,"prefix":"L","number":22},{"x":652,"y":368.5,"prefix":"L","number":23},{"x":675,"y":368.5,"prefix":"L","number":24},{"x":698,"y":368.5,"prefix":"L","number":25},{"x":721,"y":368.5,"prefix":"L","number":26},{"x":744,"y":368.5,"prefix":"L","number":27},{"x":767,"y":368.5,"prefix":"L","number":28},{"x":790,"y":368.5,"prefix":"L","number":29},{"x":813,"y":368.5,"prefix":"L","number":30},{"x":836,"y":368.5,"prefix":"L","number":31},{"x":859,"y":368.5,"prefix":"L","number":32},{"x":882,"y":368.5,"prefix":"L","number":33},{"x":905,"y":368.5,"prefix":"L","number":34},{"x":928,"y":368.5,"prefix":"L","number":35},{"x":951,"y":368.5,"prefix":"L","number":36},{"x":974,"y":368.5,"prefix":"L","number":37},{"x":997,"y":368.5,"prefix":"L","number":38},{"x":1020,"y":368.5,"prefix":"L","number":39},{"x":1043,"y":368.5,"prefix":"L","number":40},{"x":1066,"y":368.5,"prefix":"L","number":41},{"x":1089,"y":368.5,"prefix":"L","number":42},{"x":1112,"y":368.5,"prefix":"L","number":43},{"x":1135,"y":368.5,"prefix":"L","number":44},{"x":1158,"y":368.5,"prefix":"L","number":45},{"x":1181,"y":368.5,"prefix":"L","number":46},{"x":1204,"y":368.5,"prefix":"L","number":47}]],"seatsCount":47},"rowsCount":1,"rotationRadians":0,"dumbSeatsList":[],"reverseNumbering":false,"startSeatNumber":1,"resizeWidth":0,"categoryTag":"","curveConfig":{"enabled":false,"narrowness":0,"longness":0,"startXY":{"x":0,"y":0,"lock":false},"p1":{"x":0,"y":0,"lock":false},"p2":{"x":0,"y":0,"lock":false},"endXY":{"x":0,"y":0,"lock":false}},"cacheCanvas":{},"cacheCtx":{},"selectionRelativePos":{"left":1,"top":275,"right":0,"bottom":-350}},{"TAG":"seat/1616580363875/12","isLocked":false,"selectedSeatList":[46,45,44,43,42,41,40,39,38,37,36,35,34,33,32,31,30,29,28,27,26,25,24,23,22,21,20,19,18,17,16,15,14,13,12,11,10,9,8,7,6,5,4,3,2,1,0],"isSelected":false,"seatNumTextSize":8,"seatNumTextTopSpacing":3,"seatRadius":10,"seatSpacing":3,"rowSpacing":5,"selectionBounds":{"handleSize":8,"resizeHandlePosRB":false,"resizeHandlePosRM":true,"resizeHandlePosBM":false,"boundsSpacing":0,"left":136,"top":380,"right":1214,"bottom":405,"width":1078,"height":25},"centerPoint":{"x":675,"y":392.5,"lock":false},"makeData":{"rows":[[{"x":146,"y":392.5,"prefix":"M","number":1},{"x":169,"y":392.5,"prefix":"M","number":2},{"x":192,"y":392.5,"prefix":"M","number":3},{"x":215,"y":392.5,"prefix":"M","number":4},{"x":238,"y":392.5,"prefix":"M","number":5},{"x":261,"y":392.5,"prefix":"M","number":6},{"x":284,"y":392.5,"prefix":"M","number":7},{"x":307,"y":392.5,"prefix":"M","number":8},{"x":330,"y":392.5,"prefix":"M","number":9},{"x":353,"y":392.5,"prefix":"M","number":10},{"x":376,"y":392.5,"prefix":"M","number":11},{"x":399,"y":392.5,"prefix":"M","number":12},{"x":422,"y":392.5,"prefix":"M","number":13},{"x":445,"y":392.5,"prefix":"M","number":14},{"x":468,"y":392.5,"prefix":"M","number":15},{"x":491,"y":392.5,"prefix":"M","number":16},{"x":514,"y":392.5,"prefix":"M","number":17},{"x":537,"y":392.5,"prefix":"M","number":18},{"x":560,"y":392.5,"prefix":"M","number":19},{"x":583,"y":392.5,"prefix":"M","number":20},{"x":606,"y":392.5,"prefix":"M","number":21},{"x":629,"y":392.5,"prefix":"M","number":22},{"x":652,"y":392.5,"prefix":"M","number":23},{"x":675,"y":392.5,"prefix":"M","number":24},{"x":698,"y":392.5,"prefix":"M","number":25},{"x":721,"y":392.5,"prefix":"M","number":26},{"x":744,"y":392.5,"prefix":"M","number":27},{"x":767,"y":392.5,"prefix":"M","number":28},{"x":790,"y":392.5,"prefix":"M","number":29},{"x":813,"y":392.5,"prefix":"M","number":30},{"x":836,"y":392.5,"prefix":"M","number":31},{"x":859,"y":392.5,"prefix":"M","number":32},{"x":882,"y":392.5,"prefix":"M","number":33},{"x":905,"y":392.5,"prefix":"M","number":34},{"x":928,"y":392.5,"prefix":"M","number":35},{"x":951,"y":392.5,"prefix":"M","number":36},{"x":974,"y":392.5,"prefix":"M","number":37},{"x":997,"y":392.5,"prefix":"M","number":38},{"x":1020,"y":392.5,"prefix":"M","number":39},{"x":1043,"y":392.5,"prefix":"M","number":40},{"x":1066,"y":392.5,"prefix":"M","number":41},{"x":1089,"y":392.5,"prefix":"M","number":42},{"x":1112,"y":392.5,"prefix":"M","number":43},{"x":1135,"y":392.5,"prefix":"M","number":44},{"x":1158,"y":392.5,"prefix":"M","number":45},{"x":1181,"y":392.5,"prefix":"M","number":46},{"x":1204,"y":392.5,"prefix":"M","number":47}]],"seatsCount":47},"rowsCount":1,"rotationRadians":0,"dumbSeatsList":[],"reverseNumbering":false,"startSeatNumber":1,"resizeWidth":0,"categoryTag":"","curveConfig":{"enabled":false,"narrowness":0,"longness":0,"startXY":{"x":0,"y":0,"lock":false},"p1":{"x":0,"y":0,"lock":false},"p2":{"x":0,"y":0,"lock":false},"endXY":{"x":0,"y":0,"lock":false}},"cacheCanvas":{},"cacheCtx":{},"selectionRelativePos":{"left":1,"top":299,"right":0,"bottom":-326}},{"TAG":"seat/1616580363881/13","isLocked":false,"selectedSeatList":[46,45,44,43,42,41,40,39,38,37,36,35,34,33,32,31,30,29,28,27,26,25,24,23,22,21,20,19,18,17,16,15,14,13,12,11,10,9,8,7,6,5,4,3,2,1,0],"isSelected":false,"seatNumTextSize":8,"seatNumTextTopSpacing":3,"seatRadius":10,"seatSpacing":3,"rowSpacing":5,"selectionBounds":{"handleSize":8,"resizeHandlePosRB":false,"resizeHandlePosRM":true,"resizeHandlePosBM":false,"boundsSpacing":0,"left":136,"top":406,"right":1214,"bottom":431,"width":1078,"height":25},"centerPoint":{"x":675,"y":418.5,"lock":false},"makeData":{"rows":[[{"x":146,"y":418.5,"prefix":"N","number":1},{"x":169,"y":418.5,"prefix":"N","number":2},{"x":192,"y":418.5,"prefix":"N","number":3},{"x":215,"y":418.5,"prefix":"N","number":4},{"x":238,"y":418.5,"prefix":"N","number":5},{"x":261,"y":418.5,"prefix":"N","number":6},{"x":284,"y":418.5,"prefix":"N","number":7},{"x":307,"y":418.5,"prefix":"N","number":8},{"x":330,"y":418.5,"prefix":"N","number":9},{"x":353,"y":418.5,"prefix":"N","number":10},{"x":376,"y":418.5,"prefix":"N","number":11},{"x":399,"y":418.5,"prefix":"N","number":12},{"x":422,"y":418.5,"prefix":"N","number":13},{"x":445,"y":418.5,"prefix":"N","number":14},{"x":468,"y":418.5,"prefix":"N","number":15},{"x":491,"y":418.5,"prefix":"N","number":16},{"x":514,"y":418.5,"prefix":"N","number":17},{"x":537,"y":418.5,"prefix":"N","number":18},{"x":560,"y":418.5,"prefix":"N","number":19},{"x":583,"y":418.5,"prefix":"N","number":20},{"x":606,"y":418.5,"prefix":"N","number":21},{"x":629,"y":418.5,"prefix":"N","number":22},{"x":652,"y":418.5,"prefix":"N","number":23},{"x":675,"y":418.5,"prefix":"N","number":24},{"x":698,"y":418.5,"prefix":"N","number":25},{"x":721,"y":418.5,"prefix":"N","number":26},{"x":744,"y":418.5,"prefix":"N","number":27},{"x":767,"y":418.5,"prefix":"N","number":28},{"x":790,"y":418.5,"prefix":"N","number":29},{"x":813,"y":418.5,"prefix":"N","number":30},{"x":836,"y":418.5,"prefix":"N","number":31},{"x":859,"y":418.5,"prefix":"N","number":32},{"x":882,"y":418.5,"prefix":"N","number":33},{"x":905,"y":418.5,"prefix":"N","number":34},{"x":928,"y":418.5,"prefix":"N","number":35},{"x":951,"y":418.5,"prefix":"N","number":36},{"x":974,"y":418.5,"prefix":"N","number":37},{"x":997,"y":418.5,"prefix":"N","number":38},{"x":1020,"y":418.5,"prefix":"N","number":39},{"x":1043,"y":418.5,"prefix":"N","number":40},{"x":1066,"y":418.5,"prefix":"N","number":41},{"x":1089,"y":418.5,"prefix":"N","number":42},{"x":1112,"y":418.5,"prefix":"N","number":43},{"x":1135,"y":418.5,"prefix":"N","number":44},{"x":1158,"y":418.5,"prefix":"N","number":45},{"x":1181,"y":418.5,"prefix":"N","number":46},{"x":1204,"y":418.5,"prefix":"N","number":47}]],"seatsCount":47},"rowsCount":1,"rotationRadians":0,"dumbSeatsList":[],"reverseNumbering":false,"startSeatNumber":1,"resizeWidth":0,"categoryTag":"","curveConfig":{"enabled":false,"narrowness":0,"longness":0,"startXY":{"x":0,"y":0,"lock":false},"p1":{"x":0,"y":0,"lock":false},"p2":{"x":0,"y":0,"lock":false},"endXY":{"x":0,"y":0,"lock":false}},"cacheCanvas":{},"cacheCtx":{},"selectionRelativePos":{"left":1,"top":325,"right":0,"bottom":-300}},{"TAG":"seat/1616580363888/14","isLocked":false,"selectedSeatList":[46,45,44,43,42,41,40,39,38,37,36,35,34,33,32,31,30,29,28,27,26,25,24,23,22,21,20,19,18,17,16,15,14,13,12,11,10,9,8,7,6,5,4,3,2,1,0],"isSelected":false,"seatNumTextSize":8,"seatNumTextTopSpacing":3,"seatRadius":10,"seatSpacing":3,"rowSpacing":5,"selectionBounds":{"handleSize":8,"resizeHandlePosRB":false,"resizeHandlePosRM":true,"resizeHandlePosBM":false,"boundsSpacing":0,"left":136,"top":431,"right":1214,"bottom":456,"width":1078,"height":25},"centerPoint":{"x":675,"y":443.5,"lock":false},"makeData":{"rows":[[{"x":146,"y":443.5,"prefix":"O","number":1},{"x":169,"y":443.5,"prefix":"O","number":2},{"x":192,"y":443.5,"prefix":"O","number":3},{"x":215,"y":443.5,"prefix":"O","number":4},{"x":238,"y":443.5,"prefix":"O","number":5},{"x":261,"y":443.5,"prefix":"O","number":6},{"x":284,"y":443.5,"prefix":"O","number":7},{"x":307,"y":443.5,"prefix":"O","number":8},{"x":330,"y":443.5,"prefix":"O","number":9},{"x":353,"y":443.5,"prefix":"O","number":10},{"x":376,"y":443.5,"prefix":"O","number":11},{"x":399,"y":443.5,"prefix":"O","number":12},{"x":422,"y":443.5,"prefix":"O","number":13},{"x":445,"y":443.5,"prefix":"O","number":14},{"x":468,"y":443.5,"prefix":"O","number":15},{"x":491,"y":443.5,"prefix":"O","number":16},{"x":514,"y":443.5,"prefix":"O","number":17},{"x":537,"y":443.5,"prefix":"O","number":18},{"x":560,"y":443.5,"prefix":"O","number":19},{"x":583,"y":443.5,"prefix":"O","number":20},{"x":606,"y":443.5,"prefix":"O","number":21},{"x":629,"y":443.5,"prefix":"O","number":22},{"x":652,"y":443.5,"prefix":"O","number":23},{"x":675,"y":443.5,"prefix":"O","number":24},{"x":698,"y":443.5,"prefix":"O","number":25},{"x":721,"y":443.5,"prefix":"O","number":26},{"x":744,"y":443.5,"prefix":"O","number":27},{"x":767,"y":443.5,"prefix":"O","number":28},{"x":790,"y":443.5,"prefix":"O","number":29},{"x":813,"y":443.5,"prefix":"O","number":30},{"x":836,"y":443.5,"prefix":"O","number":31},{"x":859,"y":443.5,"prefix":"O","number":32},{"x":882,"y":443.5,"prefix":"O","number":33},{"x":905,"y":443.5,"prefix":"O","number":34},{"x":928,"y":443.5,"prefix":"O","number":35},{"x":951,"y":443.5,"prefix":"O","number":36},{"x":974,"y":443.5,"prefix":"O","number":37},{"x":997,"y":443.5,"prefix":"O","number":38},{"x":1020,"y":443.5,"prefix":"O","number":39},{"x":1043,"y":443.5,"prefix":"O","number":40},{"x":1066,"y":443.5,"prefix":"O","number":41},{"x":1089,"y":443.5,"prefix":"O","number":42},{"x":1112,"y":443.5,"prefix":"O","number":43},{"x":1135,"y":443.5,"prefix":"O","number":44},{"x":1158,"y":443.5,"prefix":"O","number":45},{"x":1181,"y":443.5,"prefix":"O","number":46},{"x":1204,"y":443.5,"prefix":"O","number":47}]],"seatsCount":47},"rowsCount":1,"rotationRadians":0,"dumbSeatsList":[],"reverseNumbering":false,"startSeatNumber":1,"resizeWidth":0,"categoryTag":"","curveConfig":{"enabled":false,"narrowness":0,"longness":0,"startXY":{"x":0,"y":0,"lock":false},"p1":{"x":0,"y":0,"lock":false},"p2":{"x":0,"y":0,"lock":false},"endXY":{"x":0,"y":0,"lock":false}},"cacheCanvas":{},"cacheCtx":{},"selectionRelativePos":{"left":1,"top":350,"right":0,"bottom":-275}},{"TAG":"seat/1616580363894/15","isLocked":false,"selectedSeatList":[46,45,44,43,42,41,40,39,38,37,36,35,34,33,32,31,30,29,28,27,26,25,24,23,22,21,20,19,18,17,16,15,14,13,12,11,10,9,8,7,6,5,4,3,2,1,0],"isSelected":false,"seatNumTextSize":8,"seatNumTextTopSpacing":3,"seatRadius":10,"seatSpacing":3,"rowSpacing":5,"selectionBounds":{"handleSize":8,"resizeHandlePosRB":false,"resizeHandlePosRM":true,"resizeHandlePosBM":false,"boundsSpacing":0,"left":135,"top":456,"right":1213,"bottom":481,"width":1078,"height":25},"centerPoint":{"x":674,"y":468.5,"lock":false},"makeData":{"rows":[[{"x":145,"y":468.5,"prefix":"P","number":1},{"x":168,"y":468.5,"prefix":"P","number":2},{"x":191,"y":468.5,"prefix":"P","number":3},{"x":214,"y":468.5,"prefix":"P","number":4},{"x":237,"y":468.5,"prefix":"P","number":5},{"x":260,"y":468.5,"prefix":"P","number":6},{"x":283,"y":468.5,"prefix":"P","number":7},{"x":306,"y":468.5,"prefix":"P","number":8},{"x":329,"y":468.5,"prefix":"P","number":9},{"x":352,"y":468.5,"prefix":"P","number":10},{"x":375,"y":468.5,"prefix":"P","number":11},{"x":398,"y":468.5,"prefix":"P","number":12},{"x":421,"y":468.5,"prefix":"P","number":13},{"x":444,"y":468.5,"prefix":"P","number":14},{"x":467,"y":468.5,"prefix":"P","number":15},{"x":490,"y":468.5,"prefix":"P","number":16},{"x":513,"y":468.5,"prefix":"P","number":17},{"x":536,"y":468.5,"prefix":"P","number":18},{"x":559,"y":468.5,"prefix":"P","number":19},{"x":582,"y":468.5,"prefix":"P","number":20},{"x":605,"y":468.5,"prefix":"P","number":21},{"x":628,"y":468.5,"prefix":"P","number":22},{"x":651,"y":468.5,"prefix":"P","number":23},{"x":674,"y":468.5,"prefix":"P","number":24},{"x":697,"y":468.5,"prefix":"P","number":25},{"x":720,"y":468.5,"prefix":"P","number":26},{"x":743,"y":468.5,"prefix":"P","number":27},{"x":766,"y":468.5,"prefix":"P","number":28},{"x":789,"y":468.5,"prefix":"P","number":29},{"x":812,"y":468.5,"prefix":"P","number":30},{"x":835,"y":468.5,"prefix":"P","number":31},{"x":858,"y":468.5,"prefix":"P","number":32},{"x":881,"y":468.5,"prefix":"P","number":33},{"x":904,"y":468.5,"prefix":"P","number":34},{"x":927,"y":468.5,"prefix":"P","number":35},{"x":950,"y":468.5,"prefix":"P","number":36},{"x":973,"y":468.5,"prefix":"P","number":37},{"x":996,"y":468.5,"prefix":"P","number":38},{"x":1019,"y":468.5,"prefix":"P","number":39},{"x":1042,"y":468.5,"prefix":"P","number":40},{"x":1065,"y":468.5,"prefix":"P","number":41},{"x":1088,"y":468.5,"prefix":"P","number":42},{"x":1111,"y":468.5,"prefix":"P","number":43},{"x":1134,"y":468.5,"prefix":"P","number":44},{"x":1157,"y":468.5,"prefix":"P","number":45},{"x":1180,"y":468.5,"prefix":"P","number":46},{"x":1203,"y":468.5,"prefix":"P","number":47}]],"seatsCount":47},"rowsCount":1,"rotationRadians":0,"dumbSeatsList":[],"reverseNumbering":false,"startSeatNumber":1,"resizeWidth":0,"categoryTag":"","curveConfig":{"enabled":false,"narrowness":0,"longness":0,"startXY":{"x":0,"y":0,"lock":false},"p1":{"x":0,"y":0,"lock":false},"p2":{"x":0,"y":0,"lock":false},"endXY":{"x":0,"y":0,"lock":false}},"cacheCanvas":{},"cacheCtx":{},"selectionRelativePos":{"left":0,"top":375,"right":-1,"bottom":-250}},{"TAG":"seat/1616580363900/16","isLocked":false,"selectedSeatList":[46,45,44,43,42,41,40,39,38,37,36,35,34,33,32,31,30,29,28,27,26,25,24,23,22,21,20,19,18,17,16,15,14,13,12,11,10,9,8,7,6,5,4,3,2,1,0],"isSelected":false,"seatNumTextSize":8,"seatNumTextTopSpacing":3,"seatRadius":10,"seatSpacing":3,"rowSpacing":5,"selectionBounds":{"handleSize":8,"resizeHandlePosRB":false,"resizeHandlePosRM":true,"resizeHandlePosBM":false,"boundsSpacing":0,"left":136,"top":481,"right":1214,"bottom":506,"width":1078,"height":25},"centerPoint":{"x":675,"y":493.5,"lock":false},"makeData":{"rows":[[{"x":146,"y":493.5,"prefix":"Q","number":1},{"x":169,"y":493.5,"prefix":"Q","number":2},{"x":192,"y":493.5,"prefix":"Q","number":3},{"x":215,"y":493.5,"prefix":"Q","number":4},{"x":238,"y":493.5,"prefix":"Q","number":5},{"x":261,"y":493.5,"prefix":"Q","number":6},{"x":284,"y":493.5,"prefix":"Q","number":7},{"x":307,"y":493.5,"prefix":"Q","number":8},{"x":330,"y":493.5,"prefix":"Q","number":9},{"x":353,"y":493.5,"prefix":"Q","number":10},{"x":376,"y":493.5,"prefix":"Q","number":11},{"x":399,"y":493.5,"prefix":"Q","number":12},{"x":422,"y":493.5,"prefix":"Q","number":13},{"x":445,"y":493.5,"prefix":"Q","number":14},{"x":468,"y":493.5,"prefix":"Q","number":15},{"x":491,"y":493.5,"prefix":"Q","number":16},{"x":514,"y":493.5,"prefix":"Q","number":17},{"x":537,"y":493.5,"prefix":"Q","number":18},{"x":560,"y":493.5,"prefix":"Q","number":19},{"x":583,"y":493.5,"prefix":"Q","number":20},{"x":606,"y":493.5,"prefix":"Q","number":21},{"x":629,"y":493.5,"prefix":"Q","number":22},{"x":652,"y":493.5,"prefix":"Q","number":23},{"x":675,"y":493.5,"prefix":"Q","number":24},{"x":698,"y":493.5,"prefix":"Q","number":25},{"x":721,"y":493.5,"prefix":"Q","number":26},{"x":744,"y":493.5,"prefix":"Q","number":27},{"x":767,"y":493.5,"prefix":"Q","number":28},{"x":790,"y":493.5,"prefix":"Q","number":29},{"x":813,"y":493.5,"prefix":"Q","number":30},{"x":836,"y":493.5,"prefix":"Q","number":31},{"x":859,"y":493.5,"prefix":"Q","number":32},{"x":882,"y":493.5,"prefix":"Q","number":33},{"x":905,"y":493.5,"prefix":"Q","number":34},{"x":928,"y":493.5,"prefix":"Q","number":35},{"x":951,"y":493.5,"prefix":"Q","number":36},{"x":974,"y":493.5,"prefix":"Q","number":37},{"x":997,"y":493.5,"prefix":"Q","number":38},{"x":1020,"y":493.5,"prefix":"Q","number":39},{"x":1043,"y":493.5,"prefix":"Q","number":40},{"x":1066,"y":493.5,"prefix":"Q","number":41},{"x":1089,"y":493.5,"prefix":"Q","number":42},{"x":1112,"y":493.5,"prefix":"Q","number":43},{"x":1135,"y":493.5,"prefix":"Q","number":44},{"x":1158,"y":493.5,"prefix":"Q","number":45},{"x":1181,"y":493.5,"prefix":"Q","number":46},{"x":1204,"y":493.5,"prefix":"Q","number":47}]],"seatsCount":47},"rowsCount":1,"rotationRadians":0,"dumbSeatsList":[],"reverseNumbering":false,"startSeatNumber":1,"resizeWidth":0,"categoryTag":"","curveConfig":{"enabled":false,"narrowness":0,"longness":0,"startXY":{"x":0,"y":0,"lock":false},"p1":{"x":0,"y":0,"lock":false},"p2":{"x":0,"y":0,"lock":false},"endXY":{"x":0,"y":0,"lock":false}},"cacheCanvas":{},"cacheCtx":{},"selectionRelativePos":{"left":1,"top":400,"right":0,"bottom":-225}},{"TAG":"seat/1616580363907/17","isLocked":false,"selectedSeatList":[46,45,44,43,42,41,40,39,38,37,36,35,34,33,32,31,30,29,28,27,26,25,24,23,22,21,20,19,18,17,16,15,14,13,12,11,10,9,8,7,6,5,4,3,2,1,0],"isSelected":false,"seatNumTextSize":8,"seatNumTextTopSpacing":3,"seatRadius":10,"seatSpacing":3,"rowSpacing":5,"selectionBounds":{"handleSize":8,"resizeHandlePosRB":false,"resizeHandlePosRM":true,"resizeHandlePosBM":false,"boundsSpacing":0,"left":136,"top":506,"right":1214,"bottom":531,"width":1078,"height":25},"centerPoint":{"x":675,"y":518.5,"lock":false},"makeData":{"rows":[[{"x":146,"y":518.5,"prefix":"R","number":1},{"x":169,"y":518.5,"prefix":"R","number":2},{"x":192,"y":518.5,"prefix":"R","number":3},{"x":215,"y":518.5,"prefix":"R","number":4},{"x":238,"y":518.5,"prefix":"R","number":5},{"x":261,"y":518.5,"prefix":"R","number":6},{"x":284,"y":518.5,"prefix":"R","number":7},{"x":307,"y":518.5,"prefix":"R","number":8},{"x":330,"y":518.5,"prefix":"R","number":9},{"x":353,"y":518.5,"prefix":"R","number":10},{"x":376,"y":518.5,"prefix":"R","number":11},{"x":399,"y":518.5,"prefix":"R","number":12},{"x":422,"y":518.5,"prefix":"R","number":13},{"x":445,"y":518.5,"prefix":"R","number":14},{"x":468,"y":518.5,"prefix":"R","number":15},{"x":491,"y":518.5,"prefix":"R","number":16},{"x":514,"y":518.5,"prefix":"R","number":17},{"x":537,"y":518.5,"prefix":"R","number":18},{"x":560,"y":518.5,"prefix":"R","number":19},{"x":583,"y":518.5,"prefix":"R","number":20},{"x":606,"y":518.5,"prefix":"R","number":21},{"x":629,"y":518.5,"prefix":"R","number":22},{"x":652,"y":518.5,"prefix":"R","number":23},{"x":675,"y":518.5,"prefix":"R","number":24},{"x":698,"y":518.5,"prefix":"R","number":25},{"x":721,"y":518.5,"prefix":"R","number":26},{"x":744,"y":518.5,"prefix":"R","number":27},{"x":767,"y":518.5,"prefix":"R","number":28},{"x":790,"y":518.5,"prefix":"R","number":29},{"x":813,"y":518.5,"prefix":"R","number":30},{"x":836,"y":518.5,"prefix":"R","number":31},{"x":859,"y":518.5,"prefix":"R","number":32},{"x":882,"y":518.5,"prefix":"R","number":33},{"x":905,"y":518.5,"prefix":"R","number":34},{"x":928,"y":518.5,"prefix":"R","number":35},{"x":951,"y":518.5,"prefix":"R","number":36},{"x":974,"y":518.5,"prefix":"R","number":37},{"x":997,"y":518.5,"prefix":"R","number":38},{"x":1020,"y":518.5,"prefix":"R","number":39},{"x":1043,"y":518.5,"prefix":"R","number":40},{"x":1066,"y":518.5,"prefix":"R","number":41},{"x":1089,"y":518.5,"prefix":"R","number":42},{"x":1112,"y":518.5,"prefix":"R","number":43},{"x":1135,"y":518.5,"prefix":"R","number":44},{"x":1158,"y":518.5,"prefix":"R","number":45},{"x":1181,"y":518.5,"prefix":"R","number":46},{"x":1204,"y":518.5,"prefix":"R","number":47}]],"seatsCount":47},"rowsCount":1,"rotationRadians":0,"dumbSeatsList":[],"reverseNumbering":false,"startSeatNumber":1,"resizeWidth":0,"categoryTag":"","curveConfig":{"enabled":false,"narrowness":0,"longness":0,"startXY":{"x":0,"y":0,"lock":false},"p1":{"x":0,"y":0,"lock":false},"p2":{"x":0,"y":0,"lock":false},"endXY":{"x":0,"y":0,"lock":false}},"cacheCanvas":{},"cacheCtx":{},"selectionRelativePos":{"left":1,"top":425,"right":0,"bottom":-200}},{"TAG":"seat/1616580363912/18","isLocked":false,"selectedSeatList":[46,45,44,43,42,41,40,39,38,37,36,35,34,33,32,31,30,29,28,27,26,25,24,23,22,21,20,19,18,17,16,15,14,13,12,11,10,9,8,7,6,5,4,3,2,1,0],"isSelected":false,"seatNumTextSize":8,"seatNumTextTopSpacing":3,"seatRadius":10,"seatSpacing":3,"rowSpacing":5,"selectionBounds":{"handleSize":8,"resizeHandlePosRB":false,"resizeHandlePosRM":true,"resizeHandlePosBM":false,"boundsSpacing":0,"left":136,"top":531,"right":1214,"bottom":556,"width":1078,"height":25},"centerPoint":{"x":675,"y":543.5,"lock":false},"makeData":{"rows":[[{"x":146,"y":543.5,"prefix":"S","number":1},{"x":169,"y":543.5,"prefix":"S","number":2},{"x":192,"y":543.5,"prefix":"S","number":3},{"x":215,"y":543.5,"prefix":"S","number":4},{"x":238,"y":543.5,"prefix":"S","number":5},{"x":261,"y":543.5,"prefix":"S","number":6},{"x":284,"y":543.5,"prefix":"S","number":7},{"x":307,"y":543.5,"prefix":"S","number":8},{"x":330,"y":543.5,"prefix":"S","number":9},{"x":353,"y":543.5,"prefix":"S","number":10},{"x":376,"y":543.5,"prefix":"S","number":11},{"x":399,"y":543.5,"prefix":"S","number":12},{"x":422,"y":543.5,"prefix":"S","number":13},{"x":445,"y":543.5,"prefix":"S","number":14},{"x":468,"y":543.5,"prefix":"S","number":15},{"x":491,"y":543.5,"prefix":"S","number":16},{"x":514,"y":543.5,"prefix":"S","number":17},{"x":537,"y":543.5,"prefix":"S","number":18},{"x":560,"y":543.5,"prefix":"S","number":19},{"x":583,"y":543.5,"prefix":"S","number":20},{"x":606,"y":543.5,"prefix":"S","number":21},{"x":629,"y":543.5,"prefix":"S","number":22},{"x":652,"y":543.5,"prefix":"S","number":23},{"x":675,"y":543.5,"prefix":"S","number":24},{"x":698,"y":543.5,"prefix":"S","number":25},{"x":721,"y":543.5,"prefix":"S","number":26},{"x":744,"y":543.5,"prefix":"S","number":27},{"x":767,"y":543.5,"prefix":"S","number":28},{"x":790,"y":543.5,"prefix":"S","number":29},{"x":813,"y":543.5,"prefix":"S","number":30},{"x":836,"y":543.5,"prefix":"S","number":31},{"x":859,"y":543.5,"prefix":"S","number":32},{"x":882,"y":543.5,"prefix":"S","number":33},{"x":905,"y":543.5,"prefix":"S","number":34},{"x":928,"y":543.5,"prefix":"S","number":35},{"x":951,"y":543.5,"prefix":"S","number":36},{"x":974,"y":543.5,"prefix":"S","number":37},{"x":997,"y":543.5,"prefix":"S","number":38},{"x":1020,"y":543.5,"prefix":"S","number":39},{"x":1043,"y":543.5,"prefix":"S","number":40},{"x":1066,"y":543.5,"prefix":"S","number":41},{"x":1089,"y":543.5,"prefix":"S","number":42},{"x":1112,"y":543.5,"prefix":"S","number":43},{"x":1135,"y":543.5,"prefix":"S","number":44},{"x":1158,"y":543.5,"prefix":"S","number":45},{"x":1181,"y":543.5,"prefix":"S","number":46},{"x":1204,"y":543.5,"prefix":"S","number":47}]],"seatsCount":47},"rowsCount":1,"rotationRadians":0,"dumbSeatsList":[],"reverseNumbering":false,"startSeatNumber":1,"resizeWidth":0,"categoryTag":"","curveConfig":{"enabled":false,"narrowness":0,"longness":0,"startXY":{"x":0,"y":0,"lock":false},"p1":{"x":0,"y":0,"lock":false},"p2":{"x":0,"y":0,"lock":false},"endXY":{"x":0,"y":0,"lock":false}},"cacheCanvas":{},"cacheCtx":{},"selectionRelativePos":{"left":1,"top":450,"right":0,"bottom":-175}},{"TAG":"seat/1616580363917/19","isLocked":false,"selectedSeatList":[46,45,44,43,42,41,40,39,38,37,36,35,34,33,32,31,30,29,28,27,26,25,24,23,22,21,20,19,18,17,16,15,14,13,12,11,10,9,8,7,6,5,4,3,2,1,0],"isSelected":false,"seatNumTextSize":8,"seatNumTextTopSpacing":3,"seatRadius":10,"seatSpacing":3,"rowSpacing":5,"selectionBounds":{"handleSize":8,"resizeHandlePosRB":false,"resizeHandlePosRM":true,"resizeHandlePosBM":false,"boundsSpacing":0,"left":136,"top":556,"right":1214,"bottom":581,"width":1078,"height":25},"centerPoint":{"x":675,"y":568.5,"lock":false},"makeData":{"rows":[[{"x":146,"y":568.5,"prefix":"T","number":1},{"x":169,"y":568.5,"prefix":"T","number":2},{"x":192,"y":568.5,"prefix":"T","number":3},{"x":215,"y":568.5,"prefix":"T","number":4},{"x":238,"y":568.5,"prefix":"T","number":5},{"x":261,"y":568.5,"prefix":"T","number":6},{"x":284,"y":568.5,"prefix":"T","number":7},{"x":307,"y":568.5,"prefix":"T","number":8},{"x":330,"y":568.5,"prefix":"T","number":9},{"x":353,"y":568.5,"prefix":"T","number":10},{"x":376,"y":568.5,"prefix":"T","number":11},{"x":399,"y":568.5,"prefix":"T","number":12},{"x":422,"y":568.5,"prefix":"T","number":13},{"x":445,"y":568.5,"prefix":"T","number":14},{"x":468,"y":568.5,"prefix":"T","number":15},{"x":491,"y":568.5,"prefix":"T","number":16},{"x":514,"y":568.5,"prefix":"T","number":17},{"x":537,"y":568.5,"prefix":"T","number":18},{"x":560,"y":568.5,"prefix":"T","number":19},{"x":583,"y":568.5,"prefix":"T","number":20},{"x":606,"y":568.5,"prefix":"T","number":21},{"x":629,"y":568.5,"prefix":"T","number":22},{"x":652,"y":568.5,"prefix":"T","number":23},{"x":675,"y":568.5,"prefix":"T","number":24},{"x":698,"y":568.5,"prefix":"T","number":25},{"x":721,"y":568.5,"prefix":"T","number":26},{"x":744,"y":568.5,"prefix":"T","number":27},{"x":767,"y":568.5,"prefix":"T","number":28},{"x":790,"y":568.5,"prefix":"T","number":29},{"x":813,"y":568.5,"prefix":"T","number":30},{"x":836,"y":568.5,"prefix":"T","number":31},{"x":859,"y":568.5,"prefix":"T","number":32},{"x":882,"y":568.5,"prefix":"T","number":33},{"x":905,"y":568.5,"prefix":"T","number":34},{"x":928,"y":568.5,"prefix":"T","number":35},{"x":951,"y":568.5,"prefix":"T","number":36},{"x":974,"y":568.5,"prefix":"T","number":37},{"x":997,"y":568.5,"prefix":"T","number":38},{"x":1020,"y":568.5,"prefix":"T","number":39},{"x":1043,"y":568.5,"prefix":"T","number":40},{"x":1066,"y":568.5,"prefix":"T","number":41},{"x":1089,"y":568.5,"prefix":"T","number":42},{"x":1112,"y":568.5,"prefix":"T","number":43},{"x":1135,"y":568.5,"prefix":"T","number":44},{"x":1158,"y":568.5,"prefix":"T","number":45},{"x":1181,"y":568.5,"prefix":"T","number":46},{"x":1204,"y":568.5,"prefix":"T","number":47}]],"seatsCount":47},"rowsCount":1,"rotationRadians":0,"dumbSeatsList":[],"reverseNumbering":false,"startSeatNumber":1,"resizeWidth":0,"categoryTag":"","curveConfig":{"enabled":false,"narrowness":0,"longness":0,"startXY":{"x":0,"y":0,"lock":false},"p1":{"x":0,"y":0,"lock":false},"p2":{"x":0,"y":0,"lock":false},"endXY":{"x":0,"y":0,"lock":false}},"cacheCanvas":{},"cacheCtx":{},"selectionRelativePos":{"left":1,"top":475,"right":0,"bottom":-150}},{"TAG":"seat/1616580363924/20","isLocked":false,"selectedSeatList":[46,45,44,43,42,41,40,39,38,37,36,35,34,33,32,31,30,29,28,27,26,25,24,23,22,21,20,19,18,17,16,15,14,13,12,11,10,9,8,7,6,5,4,3,2,1,0],"isSelected":false,"seatNumTextSize":8,"seatNumTextTopSpacing":3,"seatRadius":10,"seatSpacing":3,"rowSpacing":5,"selectionBounds":{"handleSize":8,"resizeHandlePosRB":false,"resizeHandlePosRM":true,"resizeHandlePosBM":false,"boundsSpacing":0,"left":136,"top":581,"right":1214,"bottom":606,"width":1078,"height":25},"centerPoint":{"x":675,"y":593.5,"lock":false},"makeData":{"rows":[[{"x":146,"y":593.5,"prefix":"U","number":1},{"x":169,"y":593.5,"prefix":"U","number":2},{"x":192,"y":593.5,"prefix":"U","number":3},{"x":215,"y":593.5,"prefix":"U","number":4},{"x":238,"y":593.5,"prefix":"U","number":5},{"x":261,"y":593.5,"prefix":"U","number":6},{"x":284,"y":593.5,"prefix":"U","number":7},{"x":307,"y":593.5,"prefix":"U","number":8},{"x":330,"y":593.5,"prefix":"U","number":9},{"x":353,"y":593.5,"prefix":"U","number":10},{"x":376,"y":593.5,"prefix":"U","number":11},{"x":399,"y":593.5,"prefix":"U","number":12},{"x":422,"y":593.5,"prefix":"U","number":13},{"x":445,"y":593.5,"prefix":"U","number":14},{"x":468,"y":593.5,"prefix":"U","number":15},{"x":491,"y":593.5,"prefix":"U","number":16},{"x":514,"y":593.5,"prefix":"U","number":17},{"x":537,"y":593.5,"prefix":"U","number":18},{"x":560,"y":593.5,"prefix":"U","number":19},{"x":583,"y":593.5,"prefix":"U","number":20},{"x":606,"y":593.5,"prefix":"U","number":21},{"x":629,"y":593.5,"prefix":"U","number":22},{"x":652,"y":593.5,"prefix":"U","number":23},{"x":675,"y":593.5,"prefix":"U","number":24},{"x":698,"y":593.5,"prefix":"U","number":25},{"x":721,"y":593.5,"prefix":"U","number":26},{"x":744,"y":593.5,"prefix":"U","number":27},{"x":767,"y":593.5,"prefix":"U","number":28},{"x":790,"y":593.5,"prefix":"U","number":29},{"x":813,"y":593.5,"prefix":"U","number":30},{"x":836,"y":593.5,"prefix":"U","number":31},{"x":859,"y":593.5,"prefix":"U","number":32},{"x":882,"y":593.5,"prefix":"U","number":33},{"x":905,"y":593.5,"prefix":"U","number":34},{"x":928,"y":593.5,"prefix":"U","number":35},{"x":951,"y":593.5,"prefix":"U","number":36},{"x":974,"y":593.5,"prefix":"U","number":37},{"x":997,"y":593.5,"prefix":"U","number":38},{"x":1020,"y":593.5,"prefix":"U","number":39},{"x":1043,"y":593.5,"prefix":"U","number":40},{"x":1066,"y":593.5,"prefix":"U","number":41},{"x":1089,"y":593.5,"prefix":"U","number":42},{"x":1112,"y":593.5,"prefix":"U","number":43},{"x":1135,"y":593.5,"prefix":"U","number":44},{"x":1158,"y":593.5,"prefix":"U","number":45},{"x":1181,"y":593.5,"prefix":"U","number":46},{"x":1204,"y":593.5,"prefix":"U","number":47}]],"seatsCount":47},"rowsCount":1,"rotationRadians":0,"dumbSeatsList":[],"reverseNumbering":false,"startSeatNumber":1,"resizeWidth":0,"categoryTag":"","curveConfig":{"enabled":false,"narrowness":0,"longness":0,"startXY":{"x":0,"y":0,"lock":false},"p1":{"x":0,"y":0,"lock":false},"p2":{"x":0,"y":0,"lock":false},"endXY":{"x":0,"y":0,"lock":false}},"cacheCanvas":{},"cacheCtx":{},"selectionRelativePos":{"left":1,"top":500,"right":0,"bottom":-125}},{"TAG":"seat/1616580363930/21","isLocked":false,"selectedSeatList":[46,45,44,43,42,41,40,39,38,37,36,35,34,33,32,31,30,29,28,27,26,25,24,23,22,21,20,19,18,17,16,15,14,13,12,11,10,9,8,7,6,5,4,3,2,1,0],"isSelected":false,"seatNumTextSize":8,"seatNumTextTopSpacing":3,"seatRadius":10,"seatSpacing":3,"rowSpacing":5,"selectionBounds":{"handleSize":8,"resizeHandlePosRB":false,"resizeHandlePosRM":true,"resizeHandlePosBM":false,"boundsSpacing":0,"left":136,"top":606,"right":1214,"bottom":631,"width":1078,"height":25},"centerPoint":{"x":675,"y":618.5,"lock":false},"makeData":{"rows":[[{"x":146,"y":618.5,"prefix":"V","number":1},{"x":169,"y":618.5,"prefix":"V","number":2},{"x":192,"y":618.5,"prefix":"V","number":3},{"x":215,"y":618.5,"prefix":"V","number":4},{"x":238,"y":618.5,"prefix":"V","number":5},{"x":261,"y":618.5,"prefix":"V","number":6},{"x":284,"y":618.5,"prefix":"V","number":7},{"x":307,"y":618.5,"prefix":"V","number":8},{"x":330,"y":618.5,"prefix":"V","number":9},{"x":353,"y":618.5,"prefix":"V","number":10},{"x":376,"y":618.5,"prefix":"V","number":11},{"x":399,"y":618.5,"prefix":"V","number":12},{"x":422,"y":618.5,"prefix":"V","number":13},{"x":445,"y":618.5,"prefix":"V","number":14},{"x":468,"y":618.5,"prefix":"V","number":15},{"x":491,"y":618.5,"prefix":"V","number":16},{"x":514,"y":618.5,"prefix":"V","number":17},{"x":537,"y":618.5,"prefix":"V","number":18},{"x":560,"y":618.5,"prefix":"V","number":19},{"x":583,"y":618.5,"prefix":"V","number":20},{"x":606,"y":618.5,"prefix":"V","number":21},{"x":629,"y":618.5,"prefix":"V","number":22},{"x":652,"y":618.5,"prefix":"V","number":23},{"x":675,"y":618.5,"prefix":"V","number":24},{"x":698,"y":618.5,"prefix":"V","number":25},{"x":721,"y":618.5,"prefix":"V","number":26},{"x":744,"y":618.5,"prefix":"V","number":27},{"x":767,"y":618.5,"prefix":"V","number":28},{"x":790,"y":618.5,"prefix":"V","number":29},{"x":813,"y":618.5,"prefix":"V","number":30},{"x":836,"y":618.5,"prefix":"V","number":31},{"x":859,"y":618.5,"prefix":"V","number":32},{"x":882,"y":618.5,"prefix":"V","number":33},{"x":905,"y":618.5,"prefix":"V","number":34},{"x":928,"y":618.5,"prefix":"V","number":35},{"x":951,"y":618.5,"prefix":"V","number":36},{"x":974,"y":618.5,"prefix":"V","number":37},{"x":997,"y":618.5,"prefix":"V","number":38},{"x":1020,"y":618.5,"prefix":"V","number":39},{"x":1043,"y":618.5,"prefix":"V","number":40},{"x":1066,"y":618.5,"prefix":"V","number":41},{"x":1089,"y":618.5,"prefix":"V","number":42},{"x":1112,"y":618.5,"prefix":"V","number":43},{"x":1135,"y":618.5,"prefix":"V","number":44},{"x":1158,"y":618.5,"prefix":"V","number":45},{"x":1181,"y":618.5,"prefix":"V","number":46},{"x":1204,"y":618.5,"prefix":"V","number":47}]],"seatsCount":47},"rowsCount":1,"rotationRadians":0,"dumbSeatsList":[],"reverseNumbering":false,"startSeatNumber":1,"resizeWidth":0,"categoryTag":"","curveConfig":{"enabled":false,"narrowness":0,"longness":0,"startXY":{"x":0,"y":0,"lock":false},"p1":{"x":0,"y":0,"lock":false},"p2":{"x":0,"y":0,"lock":false},"endXY":{"x":0,"y":0,"lock":false}},"cacheCanvas":{},"cacheCtx":{},"selectionRelativePos":{"left":1,"top":525,"right":0,"bottom":-100}},{"TAG":"seat/1616580363934/22","isLocked":false,"selectedSeatList":[46,45,44,43,42,41,40,39,38,37,36,35,34,33,32,31,30,29,28,27,26,25,24,23,22,21,20,19,18,17,16,15,14,13,12,11,10,9,8,7,6,5,4,3,2,1,0],"isSelected":false,"seatNumTextSize":8,"seatNumTextTopSpacing":3,"seatRadius":10,"seatSpacing":3,"rowSpacing":5,"selectionBounds":{"handleSize":8,"resizeHandlePosRB":false,"resizeHandlePosRM":true,"resizeHandlePosBM":false,"boundsSpacing":0,"left":136,"top":631,"right":1214,"bottom":656,"width":1078,"height":25},"centerPoint":{"x":675,"y":643.5,"lock":false},"makeData":{"rows":[[{"x":146,"y":643.5,"prefix":"W","number":1},{"x":169,"y":643.5,"prefix":"W","number":2},{"x":192,"y":643.5,"prefix":"W","number":3},{"x":215,"y":643.5,"prefix":"W","number":4},{"x":238,"y":643.5,"prefix":"W","number":5},{"x":261,"y":643.5,"prefix":"W","number":6},{"x":284,"y":643.5,"prefix":"W","number":7},{"x":307,"y":643.5,"prefix":"W","number":8},{"x":330,"y":643.5,"prefix":"W","number":9},{"x":353,"y":643.5,"prefix":"W","number":10},{"x":376,"y":643.5,"prefix":"W","number":11},{"x":399,"y":643.5,"prefix":"W","number":12},{"x":422,"y":643.5,"prefix":"W","number":13},{"x":445,"y":643.5,"prefix":"W","number":14},{"x":468,"y":643.5,"prefix":"W","number":15},{"x":491,"y":643.5,"prefix":"W","number":16},{"x":514,"y":643.5,"prefix":"W","number":17},{"x":537,"y":643.5,"prefix":"W","number":18},{"x":560,"y":643.5,"prefix":"W","number":19},{"x":583,"y":643.5,"prefix":"W","number":20},{"x":606,"y":643.5,"prefix":"W","number":21},{"x":629,"y":643.5,"prefix":"W","number":22},{"x":652,"y":643.5,"prefix":"W","number":23},{"x":675,"y":643.5,"prefix":"W","number":24},{"x":698,"y":643.5,"prefix":"W","number":25},{"x":721,"y":643.5,"prefix":"W","number":26},{"x":744,"y":643.5,"prefix":"W","number":27},{"x":767,"y":643.5,"prefix":"W","number":28},{"x":790,"y":643.5,"prefix":"W","number":29},{"x":813,"y":643.5,"prefix":"W","number":30},{"x":836,"y":643.5,"prefix":"W","number":31},{"x":859,"y":643.5,"prefix":"W","number":32},{"x":882,"y":643.5,"prefix":"W","number":33},{"x":905,"y":643.5,"prefix":"W","number":34},{"x":928,"y":643.5,"prefix":"W","number":35},{"x":951,"y":643.5,"prefix":"W","number":36},{"x":974,"y":643.5,"prefix":"W","number":37},{"x":997,"y":643.5,"prefix":"W","number":38},{"x":1020,"y":643.5,"prefix":"W","number":39},{"x":1043,"y":643.5,"prefix":"W","number":40},{"x":1066,"y":643.5,"prefix":"W","number":41},{"x":1089,"y":643.5,"prefix":"W","number":42},{"x":1112,"y":643.5,"prefix":"W","number":43},{"x":1135,"y":643.5,"prefix":"W","number":44},{"x":1158,"y":643.5,"prefix":"W","number":45},{"x":1181,"y":643.5,"prefix":"W","number":46},{"x":1204,"y":643.5,"prefix":"W","number":47}]],"seatsCount":47},"rowsCount":1,"rotationRadians":0,"dumbSeatsList":[],"reverseNumbering":false,"startSeatNumber":1,"resizeWidth":0,"categoryTag":"","curveConfig":{"enabled":false,"narrowness":0,"longness":0,"startXY":{"x":0,"y":0,"lock":false},"p1":{"x":0,"y":0,"lock":false},"p2":{"x":0,"y":0,"lock":false},"endXY":{"x":0,"y":0,"lock":false}},"cacheCanvas":{},"cacheCtx":{},"selectionRelativePos":{"left":1,"top":550,"right":0,"bottom":-75}},{"TAG":"seat/1616580363941/23","isLocked":false,"selectedSeatList":[46,45,44,43,42,41,40,39,38,37,36,35,34,33,32,31,30,29,28,27,26,25,24,23,22,21,20,19,18,17,16,15,14,13,12,11,10,9,8,7,6,5,4,3,2,1,0],"isSelected":false,"seatNumTextSize":8,"seatNumTextTopSpacing":3,"seatRadius":10,"seatSpacing":3,"rowSpacing":5,"selectionBounds":{"handleSize":8,"resizeHandlePosRB":false,"resizeHandlePosRM":true,"resizeHandlePosBM":false,"boundsSpacing":0,"left":136,"top":656,"right":1214,"bottom":681,"width":1078,"height":25},"centerPoint":{"x":675,"y":668.5,"lock":false},"makeData":{"rows":[[{"x":146,"y":668.5,"prefix":"X","number":1},{"x":169,"y":668.5,"prefix":"X","number":2},{"x":192,"y":668.5,"prefix":"X","number":3},{"x":215,"y":668.5,"prefix":"X","number":4},{"x":238,"y":668.5,"prefix":"X","number":5},{"x":261,"y":668.5,"prefix":"X","number":6},{"x":284,"y":668.5,"prefix":"X","number":7},{"x":307,"y":668.5,"prefix":"X","number":8},{"x":330,"y":668.5,"prefix":"X","number":9},{"x":353,"y":668.5,"prefix":"X","number":10},{"x":376,"y":668.5,"prefix":"X","number":11},{"x":399,"y":668.5,"prefix":"X","number":12},{"x":422,"y":668.5,"prefix":"X","number":13},{"x":445,"y":668.5,"prefix":"X","number":14},{"x":468,"y":668.5,"prefix":"X","number":15},{"x":491,"y":668.5,"prefix":"X","number":16},{"x":514,"y":668.5,"prefix":"X","number":17},{"x":537,"y":668.5,"prefix":"X","number":18},{"x":560,"y":668.5,"prefix":"X","number":19},{"x":583,"y":668.5,"prefix":"X","number":20},{"x":606,"y":668.5,"prefix":"X","number":21},{"x":629,"y":668.5,"prefix":"X","number":22},{"x":652,"y":668.5,"prefix":"X","number":23},{"x":675,"y":668.5,"prefix":"X","number":24},{"x":698,"y":668.5,"prefix":"X","number":25},{"x":721,"y":668.5,"prefix":"X","number":26},{"x":744,"y":668.5,"prefix":"X","number":27},{"x":767,"y":668.5,"prefix":"X","number":28},{"x":790,"y":668.5,"prefix":"X","number":29},{"x":813,"y":668.5,"prefix":"X","number":30},{"x":836,"y":668.5,"prefix":"X","number":31},{"x":859,"y":668.5,"prefix":"X","number":32},{"x":882,"y":668.5,"prefix":"X","number":33},{"x":905,"y":668.5,"prefix":"X","number":34},{"x":928,"y":668.5,"prefix":"X","number":35},{"x":951,"y":668.5,"prefix":"X","number":36},{"x":974,"y":668.5,"prefix":"X","number":37},{"x":997,"y":668.5,"prefix":"X","number":38},{"x":1020,"y":668.5,"prefix":"X","number":39},{"x":1043,"y":668.5,"prefix":"X","number":40},{"x":1066,"y":668.5,"prefix":"X","number":41},{"x":1089,"y":668.5,"prefix":"X","number":42},{"x":1112,"y":668.5,"prefix":"X","number":43},{"x":1135,"y":668.5,"prefix":"X","number":44},{"x":1158,"y":668.5,"prefix":"X","number":45},{"x":1181,"y":668.5,"prefix":"X","number":46},{"x":1204,"y":668.5,"prefix":"X","number":47}]],"seatsCount":47},"rowsCount":1,"rotationRadians":0,"dumbSeatsList":[],"reverseNumbering":false,"startSeatNumber":1,"resizeWidth":0,"categoryTag":"","curveConfig":{"enabled":false,"narrowness":0,"longness":0,"startXY":{"x":0,"y":0,"lock":false},"p1":{"x":0,"y":0,"lock":false},"p2":{"x":0,"y":0,"lock":false},"endXY":{"x":0,"y":0,"lock":false}},"cacheCanvas":{},"cacheCtx":{},"selectionRelativePos":{"left":1,"top":575,"right":0,"bottom":-50}},{"TAG":"seat/1616580363947/24","isLocked":false,"selectedSeatList":[46,45,44,43,42,41,40,39,38,37,36,35,34,33,32,31,30,29,28,27,26,25,24,23,22,21,20,19,18,17,16,15,14,13,12,11,10,9,8,7,6,5,4,3,2,1,0],"isSelected":false,"seatNumTextSize":8,"seatNumTextTopSpacing":3,"seatRadius":10,"seatSpacing":3,"rowSpacing":5,"selectionBounds":{"handleSize":8,"resizeHandlePosRB":false,"resizeHandlePosRM":true,"resizeHandlePosBM":false,"boundsSpacing":0,"left":136,"top":682,"right":1214,"bottom":707,"width":1078,"height":25},"centerPoint":{"x":675,"y":694.5,"lock":false},"makeData":{"rows":[[{"x":146,"y":694.5,"prefix":"Y","number":1},{"x":169,"y":694.5,"prefix":"Y","number":2},{"x":192,"y":694.5,"prefix":"Y","number":3},{"x":215,"y":694.5,"prefix":"Y","number":4},{"x":238,"y":694.5,"prefix":"Y","number":5},{"x":261,"y":694.5,"prefix":"Y","number":6},{"x":284,"y":694.5,"prefix":"Y","number":7},{"x":307,"y":694.5,"prefix":"Y","number":8},{"x":330,"y":694.5,"prefix":"Y","number":9},{"x":353,"y":694.5,"prefix":"Y","number":10},{"x":376,"y":694.5,"prefix":"Y","number":11},{"x":399,"y":694.5,"prefix":"Y","number":12},{"x":422,"y":694.5,"prefix":"Y","number":13},{"x":445,"y":694.5,"prefix":"Y","number":14},{"x":468,"y":694.5,"prefix":"Y","number":15},{"x":491,"y":694.5,"prefix":"Y","number":16},{"x":514,"y":694.5,"prefix":"Y","number":17},{"x":537,"y":694.5,"prefix":"Y","number":18},{"x":560,"y":694.5,"prefix":"Y","number":19},{"x":583,"y":694.5,"prefix":"Y","number":20},{"x":606,"y":694.5,"prefix":"Y","number":21},{"x":629,"y":694.5,"prefix":"Y","number":22},{"x":652,"y":694.5,"prefix":"Y","number":23},{"x":675,"y":694.5,"prefix":"Y","number":24},{"x":698,"y":694.5,"prefix":"Y","number":25},{"x":721,"y":694.5,"prefix":"Y","number":26},{"x":744,"y":694.5,"prefix":"Y","number":27},{"x":767,"y":694.5,"prefix":"Y","number":28},{"x":790,"y":694.5,"prefix":"Y","number":29},{"x":813,"y":694.5,"prefix":"Y","number":30},{"x":836,"y":694.5,"prefix":"Y","number":31},{"x":859,"y":694.5,"prefix":"Y","number":32},{"x":882,"y":694.5,"prefix":"Y","number":33},{"x":905,"y":694.5,"prefix":"Y","number":34},{"x":928,"y":694.5,"prefix":"Y","number":35},{"x":951,"y":694.5,"prefix":"Y","number":36},{"x":974,"y":694.5,"prefix":"Y","number":37},{"x":997,"y":694.5,"prefix":"Y","number":38},{"x":1020,"y":694.5,"prefix":"Y","number":39},{"x":1043,"y":694.5,"prefix":"Y","number":40},{"x":1066,"y":694.5,"prefix":"Y","number":41},{"x":1089,"y":694.5,"prefix":"Y","number":42},{"x":1112,"y":694.5,"prefix":"Y","number":43},{"x":1135,"y":694.5,"prefix":"Y","number":44},{"x":1158,"y":694.5,"prefix":"Y","number":45},{"x":1181,"y":694.5,"prefix":"Y","number":46},{"x":1204,"y":694.5,"prefix":"Y","number":47}]],"seatsCount":47},"rowsCount":1,"rotationRadians":0,"dumbSeatsList":[],"reverseNumbering":false,"startSeatNumber":1,"resizeWidth":0,"categoryTag":"","curveConfig":{"enabled":false,"narrowness":0,"longness":0,"startXY":{"x":0,"y":0,"lock":false},"p1":{"x":0,"y":0,"lock":false},"p2":{"x":0,"y":0,"lock":false},"endXY":{"x":0,"y":0,"lock":false}},"cacheCanvas":{},"cacheCtx":{},"selectionRelativePos":{"left":1,"top":601,"right":0,"bottom":-24}},{"TAG":"seat/1616580363954/25","isLocked":false,"selectedSeatList":[46,45,44,43,42,41,40,39,38,37,36,35,34,33,32,31,30,29,28,27,26,25,24,23,22,21,20,19,18,17,16,15,14,13,12,11,10,9,8,7,6,5,4,3,2,1,0],"isSelected":false,"seatNumTextSize":8,"seatNumTextTopSpacing":3,"seatRadius":10,"seatSpacing":3,"rowSpacing":5,"selectionBounds":{"handleSize":8,"resizeHandlePosRB":false,"resizeHandlePosRM":true,"resizeHandlePosBM":false,"boundsSpacing":0,"left":136,"top":706,"right":1214,"bottom":731,"width":1078,"height":25},"centerPoint":{"x":675,"y":718.5,"lock":false},"makeData":{"rows":[[{"x":146,"y":718.5,"prefix":"Z","number":1},{"x":169,"y":718.5,"prefix":"Z","number":2},{"x":192,"y":718.5,"prefix":"Z","number":3},{"x":215,"y":718.5,"prefix":"Z","number":4},{"x":238,"y":718.5,"prefix":"Z","number":5},{"x":261,"y":718.5,"prefix":"Z","number":6},{"x":284,"y":718.5,"prefix":"Z","number":7},{"x":307,"y":718.5,"prefix":"Z","number":8},{"x":330,"y":718.5,"prefix":"Z","number":9},{"x":353,"y":718.5,"prefix":"Z","number":10},{"x":376,"y":718.5,"prefix":"Z","number":11},{"x":399,"y":718.5,"prefix":"Z","number":12},{"x":422,"y":718.5,"prefix":"Z","number":13},{"x":445,"y":718.5,"prefix":"Z","number":14},{"x":468,"y":718.5,"prefix":"Z","number":15},{"x":491,"y":718.5,"prefix":"Z","number":16},{"x":514,"y":718.5,"prefix":"Z","number":17},{"x":537,"y":718.5,"prefix":"Z","number":18},{"x":560,"y":718.5,"prefix":"Z","number":19},{"x":583,"y":718.5,"prefix":"Z","number":20},{"x":606,"y":718.5,"prefix":"Z","number":21},{"x":629,"y":718.5,"prefix":"Z","number":22},{"x":652,"y":718.5,"prefix":"Z","number":23},{"x":675,"y":718.5,"prefix":"Z","number":24},{"x":698,"y":718.5,"prefix":"Z","number":25},{"x":721,"y":718.5,"prefix":"Z","number":26},{"x":744,"y":718.5,"prefix":"Z","number":27},{"x":767,"y":718.5,"prefix":"Z","number":28},{"x":790,"y":718.5,"prefix":"Z","number":29},{"x":813,"y":718.5,"prefix":"Z","number":30},{"x":836,"y":718.5,"prefix":"Z","number":31},{"x":859,"y":718.5,"prefix":"Z","number":32},{"x":882,"y":718.5,"prefix":"Z","number":33},{"x":905,"y":718.5,"prefix":"Z","number":34},{"x":928,"y":718.5,"prefix":"Z","number":35},{"x":951,"y":718.5,"prefix":"Z","number":36},{"x":974,"y":718.5,"prefix":"Z","number":37},{"x":997,"y":718.5,"prefix":"Z","number":38},{"x":1020,"y":718.5,"prefix":"Z","number":39},{"x":1043,"y":718.5,"prefix":"Z","number":40},{"x":1066,"y":718.5,"prefix":"Z","number":41},{"x":1089,"y":718.5,"prefix":"Z","number":42},{"x":1112,"y":718.5,"prefix":"Z","number":43},{"x":1135,"y":718.5,"prefix":"Z","number":44},{"x":1158,"y":718.5,"prefix":"Z","number":45},{"x":1181,"y":718.5,"prefix":"Z","number":46},{"x":1204,"y":718.5,"prefix":"Z","number":47}]],"seatsCount":47},"rowsCount":1,"rotationRadians":0,"dumbSeatsList":[],"reverseNumbering":false,"startSeatNumber":1,"resizeWidth":0,"categoryTag":"","curveConfig":{"enabled":false,"narrowness":0,"longness":0,"startXY":{"x":0,"y":0,"lock":false},"p1":{"x":0,"y":0,"lock":false},"p2":{"x":0,"y":0,"lock":false},"endXY":{"x":0,"y":0,"lock":false}},"cacheCanvas":{},"cacheCtx":{},"selectionRelativePos":{"left":1,"top":625,"right":0,"bottom":0}}],"selectedTool":{"bounds":{"handleSize":8,"resizeHandlePosRB":false,"resizeHandlePosRM":false,"resizeHandlePosBM":false,"boundsSpacing":0,"left":102,"top":227,"right":161,"bottom":67,"width":0,"height":0},"type":"SELECTION","subType":"SELECTION_MULTIPLE"},"selectedShapesList":[],"selectionSet":{},"catTagSet":{},"log":{},"canvas":{"__zoom":{"k":1,"x":0,"y":0},"__on":[{"type":"wheel","name":"zoom","capture":false},{"type":"mousedown","name":"zoom","capture":false},{"type":"dblclick","name":"zoom","capture":false}]},"width":1920,"height":1006,"canvasWidth":1920,"canvasHeight":1006,"canvasContext":{},"d3Canvas":{"_groups":[[{"__zoom":{"k":1,"x":0,"y":0},"__on":[{"type":"wheel","name":"zoom","capture":false},{"type":"mousedown","name":"zoom","capture":false},{"type":"dblclick","name":"zoom","capture":false}]}]],"_parents":[null]},"stylePaddingLeft":0,"stylePaddingTop":0,"styleBorderLeft":0,"styleBorderTop":0,"htmlTop":0,"htmlLeft":0,"layoutType":{},"shapesMovedUnits":{"x":0,"y":0}}